instance,solver,rate result,rate d-result,rate reason-deletions,rate time,rate d-time
ae_rphp035_05,CaDiCaL@DONTUNZIP-fixed,lrat-check pending,lrat-check pending,81,6152.29,5852.83
ae_rphp035_05,abcdsat_r18@default,lrat-check pending,lrat-check pending,0,6976.78,6564.58
ae_rphp035_05,smallsat@default,lrat-check pending,lrat-check pending,0,3481.01,3397.54
ae_rphp035_05,varisat@default,lrat-check pending,lrat-check pending,0,2998.26,3019.50
ae_rphp055_04,CaDiCaL@DONTUNZIP-fixed,lrat-check pending,lrat-check pending,193,397.69,414.56
ae_rphp055_04,Lingeling@default,lrat-check pending,lrat-check pending,0,2050.52,2334.08
ae_rphp055_04,Riss7.1-fix@BVE_DRAT,lrat-check pending,lrat-check pending,29,833.64,876.40
ae_rphp055_04,smallsat@default,lrat-check pending,lrat-check pending,0,1774.42,2164.15
ae_rphp055_04,Sparrow2Riss-2018-fixfix@MAIN,lrat-check pending,lrat-check pending,29,857.63,882.75
ae_rphp055_04,varisat@default,lrat-check pending,lrat-check pending,0,631.67,626.75
ae_rphp075_04,CaDiCaL@DONTUNZIP-fixed,lrat-check pending,lrat-check pending,197,3230.77,3263.80
a_rphp035_05,abcdsat_r18@default,lrat-check pending,lrat-check pending,0,4889.68,4780.04
a_rphp035_05,smallsat@default,lrat-check pending,lrat-check pending,0,4758.25,4595.73
a_rphp055_04,abcdsat_r18@default,lrat-check pending,lrat-check pending,3,5380.96,5220.90
a_rphp055_04,Lingeling@default,lrat-check pending,lrat-check pending,0,2146.76,2234.82
a_rphp055_04,MapleCOMSPS_LRB_VSIDS_drup@LRB_VSIDS_drup,lrat-check pending,lrat-check pending,103,3043.32,2663.49
a_rphp055_04,Riss7.1-fix@BVE_DRAT,lrat-check pending,lrat-check pending,32,792.30,881.37
a_rphp055_04,smallsat@default,lrat-check pending,lrat-check pending,0,2602.93,2509.80
a_rphp055_04,varisat@default,lrat-check pending,lrat-check pending,0,686.71,652.82
a_rphp065_04,CaDiCaL@DONTUNZIP-fixed,lrat-check pending,lrat-check pending,157,877.91,918.00
a_rphp065_04,abcdsat_r18@default,lrat-check pending,lrat-check pending,7,3775.60,3942.73
a_rphp065_04,COMiniSatPS_Pulsar_drup@drup,lrat-check pending,lrat-check pending,36,1706.48,1705.98
a_rphp065_04,Riss7.1-fix@BVE_DRAT,lrat-check pending,lrat-check pending,28,2497.40,2413.70
a_rphp065_04,smallsat@default,lrat-check pending,lrat-check pending,0,5026.73,5406.08
a_rphp065_04,Sparrow2Riss-2018-fixfix@MAIN,lrat-check pending,lrat-check pending,28,2458.25,2477.75
a_rphp065_04,varisat@default,lrat-check pending,lrat-check pending,0,1540.84,1478.85
assoc_mult_err_3.c,CaDiCaL@DONTUNZIP-fixed,lrat-check pending,lrat-check pending,8364,107.90,128.92
assoc_mult_err_3.c,abcdsat_r18@default,lrat-check pending,lrat-check pending,2,414.95,455.48
assoc_mult_err_3.c,Lingeling@default,lrat-check pending,lrat-check pending,5305,179.60,248.58
assoc_mult_err_3.c,smallsat@default,lrat-check pending,lrat-check pending,208,380.27,531.98
assoc_mult_err_3.c,varisat@default,lrat-check pending,lrat-check pending,0,1281.77,1067.40
avg_true-unreach-call.i,Lingeling@default,lrat-check pending,lrat-check pending,9865,1469.32,1973.32
avg_true-unreach-call.i,Riss7.1-fix@BVE_DRAT,lrat-check pending,lrat-check pending,20901,1430.38,1613.21
avg_true-unreach-call.i,Sparrow2Riss-2018-fixfix@MAIN,lrat-check pending,lrat-check pending,20901,1931.24,2281.25
avg_true-unreach-call.i,varisat@default,lrat-check pending,lrat-check pending,0,3062.66,3071.46
by-X-2-7-100,CaDiCaL@DONTUNZIP-fixed,lrat-check pending,lrat-check pending,33366,6818.96,6959.40
by-X-2-7-100,abcdsat_r18@default,lrat-check pending,lrat-check pending,345,19601.88,12968.81
cms-scheel-md4-families-r24-c5-p1-5-10-12-18,CaDiCaL@DONTUNZIP-fixed,lrat-check pending,lrat-check pending,897,1.33,1.45
cms-scheel-md4-families-r24-c5-p1-5-10-12-18,abcdsat_r18@default,lrat-check pending,lrat-check pending,632,1.90,2.24
cms-scheel-md4-families-r24-c5-p1-5-10-12-18,cms55-main-all4fixed@autotune,lrat-check pending,lrat-check pending,893,19.25,19.74
cms-scheel-md4-families-r24-c5-p1-5-10-12-18,cms55-main-all4fixed@glubreak,lrat-check pending,lrat-check pending,893,39.68,37.25
cms-scheel-md4-families-r24-c5-p1-5-10-12-18,cms55-main-all4fixed@main,lrat-check pending,lrat-check pending,893,20.68,20.58
cms-scheel-md4-families-r24-c5-p1-5-10-12-18,cms55-main-all4fixed@otherconf,lrat-check pending,lrat-check pending,893,68.52,67.91
cms-scheel-md4-families-r24-c5-p1-5-10-12-18,COMiniSatPS_Pulsar_drup@drup,lrat-check pending,lrat-check pending,893,70.83,67.83
cms-scheel-md4-families-r24-c5-p1-5-10-12-18,expMC_LRB_VSIDS_Switch@default,lrat-check pending,lrat-check pending,893,67.51,61.38
cms-scheel-md4-families-r24-c5-p1-5-10-12-18,expMC_VSIDS_LRB_Switch_2500@default,lrat-check pending,lrat-check pending,893,45.30,45.41
cms-scheel-md4-families-r24-c5-p1-5-10-12-18,glucose3.0@proofs,lrat-check pending,lrat-check pending,893,424.69,425.48
cms-scheel-md4-families-r24-c5-p1-5-10-12-18,gluHack@default,lrat-check pending,lrat-check pending,893,495.03,500.86
cms-scheel-md4-families-r24-c5-p1-5-10-12-18,Lingeling@default,lrat-check pending,lrat-check pending,25,6.42,7.35
cms-scheel-md4-families-r24-c5-p1-5-10-12-18,Maple_CM@default,lrat-check pending,lrat-check pending,894,53.97,53.20
cms-scheel-md4-families-r24-c5-p1-5-10-12-18,Maple_CM_Dist@default,lrat-check pending,lrat-check pending,893,0.89,0.85
cms-scheel-md4-families-r24-c5-p1-5-10-12-18,MapleCOMSPS_CHB_VSIDS_drup@CHB_VSIDS_drup,lrat-check pending,lrat-check pending,893,0.88,0.88
cms-scheel-md4-families-r24-c5-p1-5-10-12-18,MapleCOMSPS_LRB_VSIDS_2_fix@LRB_VSIDS_2_drup,lrat-check pending,lrat-check pending,893,30.20,30.43
cms-scheel-md4-families-r24-c5-p1-5-10-12-18,MapleCOMSPS_LRB_VSIDS_drup@LRB_VSIDS_drup,lrat-check pending,lrat-check pending,893,1.04,1.02
cms-scheel-md4-families-r24-c5-p1-5-10-12-18,Maple_LCM+BCrestart_M1@default,lrat-check pending,lrat-check pending,893,36.69,41.35
cms-scheel-md4-families-r24-c5-p1-5-10-12-18,Maple_LCM_M1@default,lrat-check pending,lrat-check pending,893,37.34,40.47
cms-scheel-md4-families-r24-c5-p1-5-10-12-18,Maple_LCM_Scavel_fix2@default,lrat-check pending,lrat-check pending,895,48.70,50.60
cms-scheel-md4-families-r24-c5-p1-5-10-12-18,smallsat@default,lrat-check pending,lrat-check pending,613,164.57,162.86
cms-scheel-md4-families-r24-c5-p1-5-10-12-18,varisat@default,lrat-check pending,lrat-check pending,0,480.62,484.53
cms-scheel-md4-families-r24-c5-p1-8-9-16-19,CaDiCaL@DONTUNZIP-fixed,lrat-check pending,lrat-check pending,893,1.24,1.74
cms-scheel-md4-families-r24-c5-p1-8-9-16-19,abcdsat_r18@default,lrat-check pending,lrat-check pending,613,1.19,1.20
cms-scheel-md4-families-r24-c5-p1-8-9-16-19,cms55-main-all4fixed@glubreak,lrat-check pending,lrat-check pending,893,71.81,71.28
cms-scheel-md4-families-r24-c5-p1-8-9-16-19,cms55-main-all4fixed@main,lrat-check pending,lrat-check pending,893,188.79,197.84
cms-scheel-md4-families-r24-c5-p1-8-9-16-19,COMiniSatPS_Pulsar_drup@drup,lrat-check pending,lrat-check pending,893,28.71,28.74
cms-scheel-md4-families-r24-c5-p1-8-9-16-19,expMC_LRB_VSIDS_Switch_2500@default,lrat-check pending,lrat-check pending,893,126.59,137.66
cms-scheel-md4-families-r24-c5-p1-8-9-16-19,expMC_VSIDS_LRB_Switch_2500@default,lrat-check pending,lrat-check pending,893,105.20,107.29
cms-scheel-md4-families-r24-c5-p1-8-9-16-19,glucose3.0@proofs,lrat-check pending,lrat-check pending,893,511.81,468.90
cms-scheel-md4-families-r24-c5-p1-8-9-16-19,Glucose_Hack_Kiel_fastBVE@default,lrat-check pending,lrat-check pending,893,493.14,481.64
cms-scheel-md4-families-r24-c5-p1-8-9-16-19,Lingeling@default,lrat-check pending,lrat-check pending,38,193.10,177.21
cms-scheel-md4-families-r24-c5-p1-8-9-16-19,Maple_CM@default,lrat-check pending,lrat-check pending,893,234.82,227.11
cms-scheel-md4-families-r24-c5-p1-8-9-16-19,Maple_CM_Dist@default,lrat-check pending,lrat-check pending,893,252.80,248.91
cms-scheel-md4-families-r24-c5-p1-8-9-16-19,Maple_CM_ordUIP@default,lrat-check pending,lrat-check pending,893,450.88,466.84
cms-scheel-md4-families-r24-c5-p1-8-9-16-19,MapleCOMSPS_CHB_VSIDS_drup@CHB_VSIDS_drup,lrat-check pending,lrat-check pending,893,19.69,18.65
cms-scheel-md4-families-r24-c5-p1-8-9-16-19,MapleCOMSPS_LRB_VSIDS_2_fix@LRB_VSIDS_2_drup,lrat-check pending,lrat-check pending,893,203.47,201.31
cms-scheel-md4-families-r24-c5-p1-8-9-16-19,MapleCOMSPS_LRB_VSIDS_drup@LRB_VSIDS_drup,lrat-check pending,lrat-check pending,893,205.08,192.32
cms-scheel-md4-families-r24-c5-p1-8-9-16-19,Maple_LCM+BCrestart@default,lrat-check pending,lrat-check pending,893,217.07,212.76
cms-scheel-md4-families-r24-c5-p1-8-9-16-19,Maple_LCM+BCrestart_M1@default,lrat-check pending,lrat-check pending,893,48.80,47.18
cms-scheel-md4-families-r24-c5-p1-8-9-16-19,MapleLCMDistChronoBT@default,lrat-check pending,lrat-check pending,893,108.99,96.90
cms-scheel-md4-families-r24-c5-p1-8-9-16-19,Maple_LCM_M1@default,lrat-check pending,lrat-check pending,893,67.49,77.06
cms-scheel-md4-families-r24-c5-p1-8-9-16-19,Maple_LCM_Scavel_200_fix2@default,lrat-check pending,lrat-check pending,893,38.10,37.91
cms-scheel-md4-families-r24-c5-p1-8-9-16-19,Maple_LCM_Scavel_fix2@default,lrat-check pending,lrat-check pending,893,23.64,24.25
cms-scheel-md4-families-r24-c5-p1-8-9-16-19,Riss7.1-fix@BVE_DRAT,lrat-check pending,lrat-check pending,897,439.37,448.44
cms-scheel-md4-families-r24-c5-p1-8-9-16-19,Sparrow2Riss-2018-fixfix@MAIN,lrat-check pending,lrat-check pending,897,435.94,444.92
cms-scheel-md4-families-r24-c6-p0-5-10-11-17-18,CaDiCaL@DONTUNZIP-fixed,lrat-check pending,lrat-check pending,866,1.20,1.69
cms-scheel-md4-families-r24-c6-p0-5-10-11-17-18,abcdsat_r18@default,lrat-check pending,lrat-check pending,582,1.21,1.28
cms-scheel-md4-families-r24-c6-p0-5-10-11-17-18,cms55-main-all4fixed@autotune,lrat-check pending,lrat-check pending,582,0.56,0.45
cms-scheel-md4-families-r24-c6-p0-5-10-11-17-18,cms55-main-all4fixed@glubreak,lrat-check pending,lrat-check pending,582,0.46,0.41
cms-scheel-md4-families-r24-c6-p0-5-10-11-17-18,cms55-main-all4fixed@main,lrat-check pending,lrat-check pending,582,0.50,0.41
cms-scheel-md4-families-r24-c6-p0-5-10-11-17-18,cms55-main-all4fixed@otherconf,lrat-check pending,lrat-check pending,862,2.09,1.94
cms-scheel-md4-families-r24-c6-p0-5-10-11-17-18,COMiniSatPS_Pulsar_drup@drup,lrat-check pending,lrat-check pending,862,172.21,180.24
cms-scheel-md4-families-r24-c6-p0-5-10-11-17-18,expGlucose@default,lrat-check pending,lrat-check pending,862,14.36,16.39
cms-scheel-md4-families-r24-c6-p0-5-10-11-17-18,expMC_LRB_VSIDS_Switch_2500@default,lrat-check pending,lrat-check pending,862,35.90,36.34
cms-scheel-md4-families-r24-c6-p0-5-10-11-17-18,expMC_LRB_VSIDS_Switch@default,lrat-check pending,lrat-check pending,864,62.12,67.43
cms-scheel-md4-families-r24-c6-p0-5-10-11-17-18,expMC_VSIDS_LRB_Switch_2500@default,lrat-check pending,lrat-check pending,862,48.62,52.38
cms-scheel-md4-families-r24-c6-p0-5-10-11-17-18,GHackCOMSPS_drup@ghack_drup,lrat-check pending,lrat-check pending,864,604.43,590.46
cms-scheel-md4-families-r24-c6-p0-5-10-11-17-18,glucose-3.0_PADC_3@default,lrat-check pending,lrat-check pending,862,85.28,82.75
cms-scheel-md4-families-r24-c6-p0-5-10-11-17-18,Lingeling@default,lrat-check pending,lrat-check pending,24,10.07,9.27
cms-scheel-md4-families-r24-c6-p0-5-10-11-17-18,Maple_CM@default,lrat-check pending,lrat-check pending,862,0.97,0.89
cms-scheel-md4-families-r24-c6-p0-5-10-11-17-18,Maple_CM_Dist@default,lrat-check pending,lrat-check pending,862,1.12,0.92
cms-scheel-md4-families-r24-c6-p0-5-10-11-17-18,Maple_CM_ordUIP+@default,lrat-check pending,lrat-check pending,862,1.08,1.08
cms-scheel-md4-families-r24-c6-p0-5-10-11-17-18,Maple_CM_ordUIP@default,lrat-check pending,lrat-check pending,862,1.13,1.00
cms-scheel-md4-families-r24-c6-p0-5-10-11-17-18,MapleCOMSPS_LRB_VSIDS_2_fix@LRB_VSIDS_2_drup,lrat-check pending,lrat-check pending,862,60.92,65.69
cms-scheel-md4-families-r24-c6-p0-5-10-11-17-18,MapleCOMSPS_LRB_VSIDS_drup@LRB_VSIDS_drup,lrat-check pending,lrat-check pending,863,131.23,141.65
cms-scheel-md4-families-r24-c6-p0-5-10-11-17-18,Maple_LCM+BCrestart@default,lrat-check pending,lrat-check pending,862,120.82,121.10
cms-scheel-md4-families-r24-c6-p0-5-10-11-17-18,Maple_LCM+BCrestart_M1@default,lrat-check pending,lrat-check pending,862,1.01,1.05
cms-scheel-md4-families-r24-c6-p0-5-10-11-17-18,Maple_LCM_M1@default,lrat-check pending,lrat-check pending,862,1.19,1.02
cms-scheel-md4-families-r24-c6-p0-5-10-11-17-18,Maple_LCM_Scavel_200_fix2@default,lrat-check pending,lrat-check pending,862,212.94,210.65
cms-scheel-md4-families-r24-c6-p0-5-10-11-17-18,smallsat@default,lrat-check pending,lrat-check pending,582,485.70,483.12
cms-scheel-md4-families-r24-c6-p0-5-10-11-17-18,Sparrow2Riss-2018-fixfix@MAIN,lrat-check pending,lrat-check pending,862,138.13,137.19
cms-scheel-md4-families-r24-c6-p0-5-10-11-17-18,varisat@default,lrat-check pending,lrat-check pending,0,568.92,574.03
cms-scheel-md4-families-r24-c6-p2-4-9-16-17-19,CaDiCaL@DONTUNZIP-fixed,lrat-check pending,lrat-check pending,864,0.98,1.01
cms-scheel-md4-families-r24-c6-p2-4-9-16-17-19,abcdsat_r18@default,lrat-check pending,lrat-check pending,582,0.90,0.92
cms-scheel-md4-families-r24-c6-p2-4-9-16-17-19,cms55-main-all4fixed@autotune,lrat-check pending,lrat-check pending,862,31.54,31.36
cms-scheel-md4-families-r24-c6-p2-4-9-16-17-19,cms55-main-all4fixed@glubreak,lrat-check pending,lrat-check pending,863,1.87,1.86
cms-scheel-md4-families-r24-c6-p2-4-9-16-17-19,cms55-main-all4fixed@main,lrat-check pending,lrat-check pending,862,19.49,21.34
cms-scheel-md4-families-r24-c6-p2-4-9-16-17-19,cms55-main-all4fixed@otherconf,lrat-check pending,lrat-check pending,862,12.90,12.04
cms-scheel-md4-families-r24-c6-p2-4-9-16-17-19,COMiniSatPS_Pulsar_drup@drup,lrat-check pending,lrat-check pending,862,17.89,18.38
cms-scheel-md4-families-r24-c6-p2-4-9-16-17-19,expGlucose@default,lrat-check pending,lrat-check pending,862,136.91,142.66
cms-scheel-md4-families-r24-c6-p2-4-9-16-17-19,expMC_LRB_VSIDS_Switch@default,lrat-check pending,lrat-check pending,865,6.94,8.05
cms-scheel-md4-families-r24-c6-p2-4-9-16-17-19,expMC_VSIDS_LRB_Switch_2500@default,lrat-check pending,lrat-check pending,862,43.54,43.84
cms-scheel-md4-families-r24-c6-p2-4-9-16-17-19,glucose-3.0_PADC_10@default,lrat-check pending,lrat-check pending,866,76.46,80.46
cms-scheel-md4-families-r24-c6-p2-4-9-16-17-19,glucose4.2.1@default,lrat-check pending,lrat-check pending,862,125.10,120.54
cms-scheel-md4-families-r24-c6-p2-4-9-16-17-19,Lingeling@default,lrat-check pending,lrat-check pending,47,29.68,28.90
cms-scheel-md4-families-r24-c6-p2-4-9-16-17-19,Maple_CM@default,lrat-check pending,lrat-check pending,862,7.05,6.53
cms-scheel-md4-families-r24-c6-p2-4-9-16-17-19,Maple_CM_Dist@default,lrat-check pending,lrat-check pending,862,0.94,1.06
cms-scheel-md4-families-r24-c6-p2-4-9-16-17-19,Maple_CM_ordUIP+@default,lrat-check pending,lrat-check pending,862,15.04,20.54
cms-scheel-md4-families-r24-c6-p2-4-9-16-17-19,Maple_CM_ordUIP@default,lrat-check pending,lrat-check pending,862,11.98,11.98
cms-scheel-md4-families-r24-c6-p2-4-9-16-17-19,MapleCOMSPS_CHB_VSIDS_drup@CHB_VSIDS_drup,lrat-check pending,lrat-check pending,862,35.15,33.64
cms-scheel-md4-families-r24-c6-p2-4-9-16-17-19,MapleCOMSPS_LRB_VSIDS_drup@LRB_VSIDS_drup,lrat-check pending,lrat-check pending,862,12.28,11.75
cms-scheel-md4-families-r24-c6-p2-4-9-16-17-19,Maple_LCM+BCrestart@default,lrat-check pending,lrat-check pending,862,9.42,7.69
cms-scheel-md4-families-r24-c6-p2-4-9-16-17-19,Maple_LCM+BCrestart_M1@default,lrat-check pending,lrat-check pending,862,8.68,8.75
cms-scheel-md4-families-r24-c6-p2-4-9-16-17-19,MapleLCMDistChronoBT@default,lrat-check pending,lrat-check pending,862,10.93,11.21
cms-scheel-md4-families-r24-c6-p2-4-9-16-17-19,Maple_LCM_M1@default,lrat-check pending,lrat-check pending,862,8.44,10.97
cms-scheel-md4-families-r24-c6-p2-4-9-16-17-19,Maple_LCM_Scavel_200_fix2@default,lrat-check pending,lrat-check pending,862,16.08,14.92
cms-scheel-md4-families-r24-c6-p2-4-9-16-17-19,Maple_LCM_Scavel_fix2@default,lrat-check pending,lrat-check pending,862,14.56,15.96
cms-scheel-md4-families-r24-c6-p2-4-9-16-17-19,Minisat-v2.2.0-106-ge2dd095@simp_proof,lrat-check pending,lrat-check pending,866,444.38,452.69
cms-scheel-md4-families-r24-c6-p2-4-9-16-17-19,Riss7.1-fix@BVE_DRAT,lrat-check pending,lrat-check pending,864,146.45,136.87
cms-scheel-md4-families-r24-c6-p2-4-9-16-17-19,smallsat@default,lrat-check pending,lrat-check pending,582,26.21,25.73
cms-scheel-md4-families-r24-c6-p2-4-9-16-17-19,Sparrow2Riss-2018-fixfix@MAIN,lrat-check pending,lrat-check pending,864,150.18,145.46
cms-scheel-md5-families-r24-c5-p6-11-15-16-19,abcdsat_r18@default,lrat-check pending,lrat-check pending,615,561.81,572.04
cms-scheel-md5-families-r24-c5-p6-11-15-16-19,cms55-main-all4fixed@autotune,lrat-check pending,lrat-check pending,969,174.70,178.14
cms-scheel-md5-families-r24-c5-p6-11-15-16-19,cms55-main-all4fixed@glubreak,lrat-check pending,lrat-check pending,894,61.80,65.06
cms-scheel-md5-families-r24-c5-p6-11-15-16-19,cms55-main-all4fixed@main,lrat-check pending,lrat-check pending,894,105.46,108.89
cms-scheel-md5-families-r24-c5-p6-11-15-16-19,COMiniSatPS_Pulsar_drup@drup,lrat-check pending,lrat-check pending,893,26.17,29.30
cms-scheel-md5-families-r24-c5-p6-11-15-16-19,expGlucose@default,lrat-check pending,lrat-check pending,893,12.49,10.73
cms-scheel-md5-families-r24-c5-p6-11-15-16-19,expMC_LRB_VSIDS_Switch@default,lrat-check pending,lrat-check pending,893,22.49,22.81
cms-scheel-md5-families-r24-c5-p6-11-15-16-19,Maple_CM_Dist@default,lrat-check pending,lrat-check pending,893,1.40,1.47
cms-scheel-md5-families-r24-c5-p6-11-15-16-19,Maple_CM_ordUIP+@default,lrat-check pending,lrat-check pending,894,434.83,409.27
cms-scheel-md5-families-r24-c5-p6-11-15-16-19,MapleCOMSPS_LRB_VSIDS_2_fix@LRB_VSIDS_2_drup,lrat-check pending,lrat-check pending,893,62.65,59.24
cms-scheel-md5-families-r24-c5-p6-11-15-16-19,MapleCOMSPS_LRB_VSIDS_drup@LRB_VSIDS_drup,lrat-check pending,lrat-check pending,897,7.47,7.40
cms-scheel-md5-families-r24-c5-p6-11-15-16-19,MapleLCMDistChronoBT@default,lrat-check pending,lrat-check pending,893,5.47,5.07
cms-scheel-md5-families-r24-c5-p6-11-15-16-19,Maple_LCM_M1@default,lrat-check pending,lrat-check pending,893,122.67,113.45
cms-scheel-md5-families-r24-c5-p6-11-15-16-19,Maple_LCM_Scavel_200_fix2@default,lrat-check pending,lrat-check pending,893,63.84,62.30
cms-scheel-md5-families-r24-c5-p6-11-15-16-19,Minisat-v2.2.0-106-ge2dd095@simp_proof,lrat-check pending,lrat-check pending,894,965.30,991.75
cms-scheel-md5-families-r24-c5-p6-11-15-16-19,Riss7.1-fix@BVE_DRAT,lrat-check pending,lrat-check pending,893,2.22,1.89
cms-scheel-md5-families-r24-c5-p6-11-15-16-19,Sparrow2Riss-2018-fixfix@MAIN,lrat-check pending,lrat-check pending,893,1.92,1.75
cms-scheel-md5-families-r24-c5-p6-11-15-16-19,varisat@default,lrat-check pending,lrat-check pending,0,1.11,0.96
cms-scheel-md5-families-r24-c7-p1-3-6-10-11-14-15,CaDiCaL@DONTUNZIP-fixed,lrat-check pending,lrat-check pending,831,1.74,1.53
cms-scheel-md5-families-r24-c7-p1-3-6-10-11-14-15,abcdsat_r18@default,lrat-check pending,lrat-check pending,551,33.48,35.85
cms-scheel-md5-families-r24-c7-p1-3-6-10-11-14-15,cms55-main-all4fixed@autotune,lrat-check pending,lrat-check pending,831,47.66,49.54
cms-scheel-md5-families-r24-c7-p1-3-6-10-11-14-15,cms55-main-all4fixed@glubreak,lrat-check pending,lrat-check pending,831,29.23,31.00
cms-scheel-md5-families-r24-c7-p1-3-6-10-11-14-15,cms55-main-all4fixed@main,lrat-check pending,lrat-check pending,831,40.68,38.81
cms-scheel-md5-families-r24-c7-p1-3-6-10-11-14-15,COMiniSatPS_Pulsar_drup@drup,lrat-check pending,lrat-check pending,831,56.23,64.05
cms-scheel-md5-families-r24-c7-p1-3-6-10-11-14-15,expGlucose@default,lrat-check pending,lrat-check pending,832,88.41,88.98
cms-scheel-md5-families-r24-c7-p1-3-6-10-11-14-15,expMC_LRB_VSIDS_Switch_2500@default,lrat-check pending,lrat-check pending,831,41.21,40.99
cms-scheel-md5-families-r24-c7-p1-3-6-10-11-14-15,expMC_LRB_VSIDS_Switch@default,lrat-check pending,lrat-check pending,831,6.53,6.19
cms-scheel-md5-families-r24-c7-p1-3-6-10-11-14-15,expMC_VSIDS_LRB_Switch_2500@default,lrat-check pending,lrat-check pending,831,30.76,30.30
cms-scheel-md5-families-r24-c7-p1-3-6-10-11-14-15,GHackCOMSPS_drup@ghack_drup,lrat-check pending,lrat-check pending,831,33.10,30.18
cms-scheel-md5-families-r24-c7-p1-3-6-10-11-14-15,glucose-3.0_PADC_10@default,lrat-check pending,lrat-check pending,831,171.05,170.61
cms-scheel-md5-families-r24-c7-p1-3-6-10-11-14-15,glucose4.2.1@default,lrat-check pending,lrat-check pending,831,99.48,106.76
cms-scheel-md5-families-r24-c7-p1-3-6-10-11-14-15,glu_mix@default,lrat-check pending,lrat-check pending,831,75.00,75.69
cms-scheel-md5-families-r24-c7-p1-3-6-10-11-14-15,Lingeling@default,lrat-check pending,lrat-check pending,78,96.00,102.56
cms-scheel-md5-families-r24-c7-p1-3-6-10-11-14-15,Maple_CM@default,lrat-check pending,lrat-check pending,831,32.24,28.36
cms-scheel-md5-families-r24-c7-p1-3-6-10-11-14-15,Maple_CM_Dist@default,lrat-check pending,lrat-check pending,831,35.97,37.79
cms-scheel-md5-families-r24-c7-p1-3-6-10-11-14-15,MapleCOMSPS_LRB_VSIDS_2_fix@LRB_VSIDS_2_drup,lrat-check pending,lrat-check pending,831,28.59,30.12
cms-scheel-md5-families-r24-c7-p1-3-6-10-11-14-15,Maple_LCM+BCrestart@default,lrat-check pending,lrat-check pending,831,39.21,37.42
cms-scheel-md5-families-r24-c7-p1-3-6-10-11-14-15,Maple_LCM+BCrestart_M1@default,lrat-check pending,lrat-check pending,831,22.70,23.01
cms-scheel-md5-families-r24-c7-p1-3-6-10-11-14-15,MapleLCMDistChronoBT@default,lrat-check pending,lrat-check pending,831,25.41,27.39
cms-scheel-md5-families-r24-c7-p1-3-6-10-11-14-15,Maple_LCM_M1@default,lrat-check pending,lrat-check pending,831,26.64,27.76
cms-scheel-md5-families-r24-c7-p1-3-6-10-11-14-15,Maple_LCM_Scavel_200_fix2@default,lrat-check pending,lrat-check pending,831,31.84,30.34
cms-scheel-md5-families-r24-c7-p1-3-6-10-11-14-15,Maple_LCM_Scavel_fix2@default,lrat-check pending,lrat-check pending,831,32.78,27.33
cms-scheel-md5-families-r24-c7-p1-3-6-10-11-14-15,Minisat-v2.2.0-106-ge2dd095@simp_proof,lrat-check pending,lrat-check pending,831,1.74,1.49
cms-scheel-md5-families-r24-c7-p1-3-6-10-11-14-15,Riss7.1-fix@BVE_DRAT,lrat-check pending,lrat-check pending,831,124.51,109.83
cms-scheel-md5-families-r24-c7-p1-3-6-10-11-14-15,smallsat@default,lrat-check pending,lrat-check pending,551,64.39,54.36
cms-scheel-md5-families-r24-c7-p1-3-6-10-11-14-15,Sparrow2Riss-2018-fixfix@MAIN,lrat-check pending,lrat-check pending,831,109.64,115.95
cms-scheel-md5-families-r24-c7-p1-3-6-10-11-14-15,varisat@default,lrat-check pending,lrat-check pending,0,49.16,43.10
cz-3-7-7,CaDiCaL@DONTUNZIP-fixed,lrat-check pending,lrat-check pending,2670,4936.82,5191.86
cz-3-7-7,Lingeling@default,lrat-check pending,lrat-check pending,321,9251.82,9006.96
dist10.c,CaDiCaL@DONTUNZIP-fixed,lrat-check pending,lrat-check pending,7956,597.81,640.24
dist10.c,Lingeling@default,lrat-check pending,lrat-check pending,4499,602.55,801.16
dist10.c,Riss7.1-fix@BVE_DRAT,lrat-check pending,lrat-check pending,5509,2046.12,2621.17
dist10.c,smallsat@default,lrat-check pending,lrat-check pending,130,1828.45,1457.49
dist10.c,Sparrow2Riss-2018-fixfix@MAIN,lrat-check pending,lrat-check pending,5509,2172.72,2636.36
dist4.c,CaDiCaL@DONTUNZIP-fixed,lrat-check pending,lrat-check pending,9622,701.33,605.75
dist4.c,abcdsat_r18@default,lrat-check pending,lrat-check pending,4,4372.65,3994.24
dist4.c,Lingeling@default,lrat-check pending,lrat-check pending,4738,637.98,901.41
dist4.c,smallsat@default,lrat-check pending,lrat-check pending,246,2256.68,1677.85
dist5.c,CaDiCaL@DONTUNZIP-fixed,lrat-check pending,lrat-check pending,5881,489.10,589.38
dist5.c,abcdsat_r18@default,lrat-check pending,lrat-check pending,6,3748.78,3755.41
dist5.c,Lingeling@default,lrat-check pending,lrat-check pending,4890,684.01,753.51
dist5.c,smallsat@default,lrat-check pending,lrat-check pending,78,1627.47,1694.06
dist6.c,CaDiCaL@DONTUNZIP-fixed,lrat-check pending,lrat-check pending,8005,480.15,529.94
dist6.c,abcdsat_r18@default,lrat-check pending,lrat-check pending,12,2880.04,3179.44
dist6.c,Lingeling@default,lrat-check pending,lrat-check pending,5073,587.83,699.27
dist6.c,smallsat@default,lrat-check pending,lrat-check pending,364,1312.42,1567.04
dist7.c,CaDiCaL@DONTUNZIP-fixed,lrat-check pending,lrat-check pending,8872,468.03,563.65
dist7.c,abcdsat_r18@default,lrat-check pending,lrat-check pending,4,2735.64,2923.72
dist7.c,Lingeling@default,lrat-check pending,lrat-check pending,4378,600.63,738.22
dist7.c,smallsat@default,lrat-check pending,lrat-check pending,128,1688.35,1593.93
dist8.c,CaDiCaL@DONTUNZIP-fixed,lrat-check pending,lrat-check pending,9455,609.64,794.80
dist8.c,abcdsat_r18@default,lrat-check pending,lrat-check pending,4,6583.04,6526.56
dist8.c,Lingeling@default,lrat-check pending,lrat-check pending,4886,746.55,860.84
dist9.c,CaDiCaL@DONTUNZIP-fixed,lrat-check pending,lrat-check pending,8284,480.10,542.91
dist9.c,Lingeling@default,lrat-check pending,lrat-check pending,4600,596.73,666.42
dist9.c,Riss7.1-fix@BVE_DRAT,lrat-check pending,lrat-check pending,6163,2318.22,3169.59
dist9.c,smallsat@default,lrat-check pending,lrat-check pending,60,1444.15,1418.94
dist9.c,Sparrow2Riss-2018-fixfix@MAIN,lrat-check pending,lrat-check pending,6163,2310.94,3143.01
ecarev-110-1031-23-40-3,abcdsat_r18@default,lrat-check pending,lrat-check pending,733,41.79,44.82
ecarev-110-1031-23-40-3,Lingeling@default,lrat-check pending,lrat-check pending,1569,6.87,7.29
ecarev-110-1031-23-40-3,smallsat@default,lrat-check pending,lrat-check pending,2023,6.96,6.68
ecarev-110-1031-23-40-3,Sparrow2Riss-2018-fixfix@MAIN,lrat-check pending,lrat-check pending,4871,574.82,606.88
ecarev-110-1031-23-40-3,varisat@default,lrat-check pending,lrat-check pending,1,94.67,102.93
e_rphp035_05,CaDiCaL@DONTUNZIP-fixed,lrat-check pending,lrat-check pending,72,8345.69,6960.31
e_rphp035_05,abcdsat_r18@default,lrat-check pending,lrat-check pending,0,2622.52,2721.01
e_rphp035_05,Lingeling@default,lrat-check pending,lrat-check pending,0,12041.60,11667.09
e_rphp035_05,smallsat@default,lrat-check pending,lrat-check pending,0,4276.64,4688.84
e_rphp035_05,varisat@default,lrat-check pending,lrat-check pending,0,2485.54,2777.14
e_rphp055_04,CaDiCaL@DONTUNZIP-fixed,lrat-check pending,lrat-check pending,189,505.23,488.69
e_rphp055_04,Lingeling@default,lrat-check pending,lrat-check pending,0,1927.08,1650.93
e_rphp055_04,Riss7.1-fix@BVE_DRAT,lrat-check pending,lrat-check pending,30,796.57,760.33
e_rphp055_04,Sparrow2Riss-2018-fixfix@MAIN,lrat-check pending,lrat-check pending,30,782.09,911.41
e_rphp065_04,CaDiCaL@DONTUNZIP-fixed,lrat-check pending,lrat-check pending,186,755.43,768.71
e_rphp065_04,abcdsat_r18@default,lrat-check pending,lrat-check pending,9,7107.69,7280.76
e_rphp065_04,Riss7.1-fix@BVE_DRAT,lrat-check pending,lrat-check pending,56,2205.06,2179.31
e_rphp065_04,Sparrow2Riss-2018-fixfix@MAIN,lrat-check pending,lrat-check pending,56,2160.70,2192.18
e_rphp065_04,varisat@default,lrat-check pending,lrat-check pending,0,1174.65,1095.68
filter1_true-unreach-call.c,CaDiCaL@DONTUNZIP-fixed,lrat-check pending,lrat-check pending,782,183.44,164.79
filter1_true-unreach-call.c,Riss7.1-fix@BVE_DRAT,lrat-check pending,lrat-check pending,1607,53.39,48.06
filter1_true-unreach-call.c,Sparrow2Riss-2018-fixfix@MAIN,lrat-check pending,lrat-check pending,4793,60.03,50.76
filter_iir_true-unreach-call.c,CaDiCaL@DONTUNZIP-fixed,lrat-check pending,lrat-check pending,1544,462.82,443.41
filter_iir_true-unreach-call.c,Lingeling@default,lrat-check pending,lrat-check pending,951,187.31,184.79
filter_iir_true-unreach-call.c,Riss7.1-fix@BVE_DRAT,lrat-check pending,lrat-check pending,1596,49.83,51.14
gto_p60c231_1,CaDiCaL@DONTUNZIP-fixed,lrat-check pending,lrat-check pending,28,304.13,308.36
gto_p60c231_1,abcdsat_r18@default,lrat-check pending,lrat-check pending,3,1080.57,1069.02
gto_p60c231_1,cms55-main-all4fixed@glubreak,lrat-check pending,lrat-check pending,20,343.76,319.80
gto_p60c231_1,GHackCOMSPS_drup@ghack_drup,lrat-check pending,lrat-check pending,21,601.80,602.78
gto_p60c231_1,glucose-3.0_PADC_10@default,lrat-check pending,lrat-check pending,21,2149.96,2058.83
gto_p60c231_1,glucose-3.0_PADC_3@default,lrat-check pending,lrat-check pending,21,1956.34,2131.15
gto_p60c231_1,glucose3.0@proofs,lrat-check pending,lrat-check pending,21,1319.65,1236.64
gto_p60c231_1,glucose4.2.1@default,lrat-check pending,lrat-check pending,21,848.55,849.91
gto_p60c231_1,Glucose_Hack_Kiel_fastBVE@default,lrat-check pending,lrat-check pending,21,1592.13,1459.44
gto_p60c231_1,Lingeling@default,lrat-check pending,lrat-check pending,3,234.47,207.53
gto_p60c231_1,Riss7.1-fix@BVE_DRAT,lrat-check pending,lrat-check pending,20,2828.30,2818.74
gto_p60c231_1,varisat@default,lrat-check pending,lrat-check pending,0,741.55,767.59
gto_p60c231,CaDiCaL@DONTUNZIP-fixed,lrat-check pending,lrat-check pending,29,276.06,282.14
gto_p60c231,abcdsat_r18@default,lrat-check pending,lrat-check pending,3,1253.24,1237.69
gto_p60c231,cms55-main-all4fixed@otherconf,lrat-check pending,lrat-check pending,20,432.26,453.84
gto_p60c231,glucose-3.0_PADC_10@default,lrat-check pending,lrat-check pending,21,1800.78,1917.34
gto_p60c231,glucose3.0@proofs,lrat-check pending,lrat-check pending,21,1328.51,1347.59
gto_p60c231,glucose4.2.1@default,lrat-check pending,lrat-check pending,21,499.41,537.13
gto_p60c231,Lingeling@default,lrat-check pending,lrat-check pending,3,194.28,184.51
gto_p60c231,Riss7.1-fix@BVE_DRAT,lrat-check pending,lrat-check pending,20,2946.59,3129.70
gto_p60c231,smallsat@default,lrat-check pending,lrat-check pending,10,1496.92,1382.59
gto_p60c231,Sparrow2Riss-2018-fixfix@MAIN,lrat-check pending,lrat-check pending,20,2967.05,2878.80
gto_p60c231,varisat@default,lrat-check pending,lrat-check pending,0,440.49,427.84
gto_p60c233,CaDiCaL@DONTUNZIP-fixed,lrat-check pending,lrat-check pending,24,380.20,401.28
gto_p60c233,abcdsat_r18@default,lrat-check pending,lrat-check pending,6,1732.30,1683.44
gto_p60c233,cms55-main-all4fixed@otherconf,lrat-check pending,lrat-check pending,20,435.04,453.64
gto_p60c233,glucose-3.0_PADC_10@default,lrat-check pending,lrat-check pending,21,3609.90,3609.63
gto_p60c233,glucose-3.0_PADC_3@default,lrat-check pending,lrat-check pending,21,3463.87,3416.37
gto_p60c233,glucose3.0@proofs,lrat-check pending,lrat-check pending,21,3917.79,4249.46
gto_p60c233,Lingeling@default,lrat-check pending,lrat-check pending,3,324.66,326.53
gto_p60c233,Riss7.1-fix@BVE_DRAT,lrat-check pending,lrat-check pending,20,2674.13,2668.47
gto_p60c233,smallsat@default,lrat-check pending,lrat-check pending,3,2141.82,2159.02
gto_p60c233,Sparrow2Riss-2018-fixfix@MAIN,lrat-check pending,lrat-check pending,20,2628.37,2658.91
gto_p60c234,CaDiCaL@DONTUNZIP-fixed,lrat-check pending,lrat-check pending,21,920.41,845.91
gto_p60c234,abcdsat_r18@default,lrat-check pending,lrat-check pending,3,2579.89,2431.45
gto_p60c234,cms55-main-all4fixed@main,lrat-check pending,lrat-check pending,20,1162.42,1091.74
gto_p60c234,cms55-main-all4fixed@otherconf,lrat-check pending,lrat-check pending,20,2043.21,1876.37
gto_p60c234,glucose-3.0_PADC_10@default,lrat-check pending,lrat-check pending,21,3997.56,3923.98
gto_p60c234,glucose-3.0_PADC_3@default,lrat-check pending,lrat-check pending,21,4979.68,5151.15
gto_p60c234,glucose3.0@proofs,lrat-check pending,lrat-check pending,21,3284.58,3318.96
gto_p60c234,Lingeling@default,lrat-check pending,lrat-check pending,3,348.09,313.99
gto_p60c234,smallsat@default,lrat-check pending,lrat-check pending,3,4301.93,4373.06
gto_p60c234,varisat@default,lrat-check pending,lrat-check pending,0,3615.99,3766.99
gto_p60c235,CaDiCaL@DONTUNZIP-fixed,lrat-check pending,lrat-check pending,30,1187.99,1048.31
gto_p60c235,abcdsat_r18@default,lrat-check pending,lrat-check pending,10,3674.94,3415.68
gto_p60c235,cms55-main-all4fixed@main,lrat-check pending,lrat-check pending,20,1409.51,1218.10
gto_p60c235,cms55-main-all4fixed@otherconf,lrat-check pending,lrat-check pending,20,1638.01,1752.41
gto_p60c235,Lingeling@default,lrat-check pending,lrat-check pending,3,589.03,689.96
gto_p60c235,smallsat@default,lrat-check pending,lrat-check pending,3,7307.16,7505.33
gto_p60c235,varisat@default,lrat-check pending,lrat-check pending,0,4475.37,3906.48
gto_p60c238,CaDiCaL@DONTUNZIP-fixed,lrat-check pending,lrat-check pending,26,1627.99,1533.54
gto_p60c238,abcdsat_r18@default,lrat-check pending,lrat-check pending,3,4765.35,4872.83
gto_p60c238,Lingeling@default,lrat-check pending,lrat-check pending,3,766.99,771.65
gto_p60c238,smallsat@default,lrat-check pending,lrat-check pending,3,5189.14,5084.02
gto_p60c238,varisat@default,lrat-check pending,lrat-check pending,0,3277.72,3258.28
gto_p60c239,CaDiCaL@DONTUNZIP-fixed,lrat-check pending,lrat-check pending,28,680.84,618.96
gto_p60c239,abcdsat_r18@default,lrat-check pending,lrat-check pending,5,1889.27,1942.41
gto_p60c239,cms55-main-all4fixed@autotune,lrat-check pending,lrat-check pending,25,487.18,489.84
gto_p60c239,cms55-main-all4fixed@main,lrat-check pending,lrat-check pending,25,615.29,619.22
gto_p60c239,GHackCOMSPS_drup@ghack_drup,lrat-check pending,lrat-check pending,27,656.36,651.42
gto_p60c239,glucose-3.0_PADC_3@default,lrat-check pending,lrat-check pending,27,1793.80,1813.09
gto_p60c239,glucose3.0@proofs,lrat-check pending,lrat-check pending,27,1742.75,1834.36
gto_p60c239,glucose4.2.1@default,lrat-check pending,lrat-check pending,27,1687.64,1729.68
gto_p60c239,Glucose_Hack_Kiel_fastBVE@default,lrat-check pending,lrat-check pending,27,912.57,968.71
gto_p60c239,Lingeling@default,lrat-check pending,lrat-check pending,4,590.71,627.63
gto_p60c239,Riss7.1-fix@BVE_DRAT,lrat-check pending,lrat-check pending,43,6369.61,5999.04
gto_p60c239,smallsat@default,lrat-check pending,lrat-check pending,4,3028.86,2897.38
gto_p60c239,Sparrow2Riss-2018-fixfix@MAIN,lrat-check pending,lrat-check pending,43,6439.94,6301.96
gto_p60c239,varisat@default,lrat-check pending,lrat-check pending,0,1047.00,1025.30
gto_p60c241,CaDiCaL@DONTUNZIP-fixed,lrat-check pending,lrat-check pending,28,566.34,563.83
gto_p60c241,abcdsat_r18@default,lrat-check pending,lrat-check pending,4,2889.78,2762.55
gto_p60c241,cms55-main-all4fixed@glubreak,lrat-check pending,lrat-check pending,26,785.70,750.10
gto_p60c241,cms55-main-all4fixed@main,lrat-check pending,lrat-check pending,25,487.05,473.18
gto_p60c241,cms55-main-all4fixed@otherconf,lrat-check pending,lrat-check pending,25,719.85,755.30
gto_p60c241,glucose-3.0_PADC_10@default,lrat-check pending,lrat-check pending,27,1326.40,1315.42
gto_p60c241,glucose3.0@proofs,lrat-check pending,lrat-check pending,27,1501.49,1522.63
gto_p60c241,Glucose_Hack_Kiel_fastBVE@default,lrat-check pending,lrat-check pending,27,1755.48,1880.18
gto_p60c241,Lingeling@default,lrat-check pending,lrat-check pending,4,387.29,396.47
gto_p60c241,Riss7.1-fix@BVE_DRAT,lrat-check pending,lrat-check pending,24,6085.67,6434.84
gto_p60c241,smallsat@default,lrat-check pending,lrat-check pending,4,3667.33,3719.92
gto_p60c241,Sparrow2Riss-2018-fixfix@MAIN,lrat-check pending,lrat-check pending,24,5975.62,6014.48
gto_p60c241,varisat@default,lrat-check pending,lrat-check pending,0,690.07,699.33
gto_p60c243,CaDiCaL@DONTUNZIP-fixed,lrat-check pending,lrat-check pending,31,1267.88,1343.26
gto_p60c243,glucose-3.0_PADC_10@default,lrat-check pending,lrat-check pending,27,2387.54,2338.24
gto_p60c243,glucose-3.0_PADC_3@default,lrat-check pending,lrat-check pending,27,3720.07,3646.16
gto_p60c243,glucose3.0@proofs,lrat-check pending,lrat-check pending,27,2286.60,2323.85
gto_p60c243,Glucose_Hack_Kiel_fastBVE@default,lrat-check pending,lrat-check pending,27,5749.47,6321.05
gto_p60c243,Lingeling@default,lrat-check pending,lrat-check pending,4,1211.21,1146.19
gto_p60c243,smallsat@default,lrat-check pending,lrat-check pending,4,4428.38,4463.56
gto_p60c243,varisat@default,lrat-check pending,lrat-check pending,0,1416.99,1438.08
huck.col.11,CaDiCaL@DONTUNZIP-fixed,lrat-check pending,lrat-check pending,0,10.89,10.59
huck.col.11,abcdsat_r18@default,lrat-check pending,lrat-check pending,0,866.80,820.74
huck.col.11,Candy@default,lrat-check pending,lrat-check pending,0,1207.29,1121.14
huck.col.11,cms55-main-all4fixed@main,lrat-check pending,lrat-check pending,0,105.64,113.59
huck.col.11,cms55-main-all4fixed@otherconf,lrat-check pending,lrat-check pending,0,113.29,101.64
huck.col.11,COMiniSatPS_Pulsar_drup@drup,lrat-check pending,lrat-check pending,0,427.99,457.46
huck.col.11,expGlucose@default,lrat-check pending,lrat-check pending,0,958.94,991.89
huck.col.11,GHackCOMSPS_drup@ghack_drup,lrat-check pending,lrat-check pending,0,491.42,494.62
huck.col.11,glucose-3.0_PADC_10@default,lrat-check pending,lrat-check pending,0,1198.47,1260.38
huck.col.11,glucose-3.0_PADC_3@default,lrat-check pending,lrat-check pending,0,1433.04,1370.97
huck.col.11,glucose3.0@proofs,lrat-check pending,lrat-check pending,0,998.42,989.40
huck.col.11,glucose4.2.1@default,lrat-check pending,lrat-check pending,0,957.80,929.48
huck.col.11,Glucose_Hack_Kiel_fastBVE@default,lrat-check pending,lrat-check pending,0,1062.31,1029.47
huck.col.11,glu_mix@default,lrat-check pending,lrat-check pending,0,323.90,322.16
huck.col.11,Lingeling@default,lrat-check pending,lrat-check pending,0,51.10,52.06
huck.col.11,Maple_CM_Dist@default,lrat-check pending,lrat-check pending,0,470.01,470.01
huck.col.11,MapleCOMSPS_CHB_VSIDS_drup@CHB_VSIDS_drup,lrat-check pending,lrat-check pending,0,1896.64,1901.12
huck.col.11,MapleCOMSPS_LRB_VSIDS_2_fix@LRB_VSIDS_2_drup,lrat-check pending,lrat-check pending,0,261.39,269.77
huck.col.11,MapleCOMSPS_LRB_VSIDS_drup@LRB_VSIDS_drup,lrat-check pending,lrat-check pending,0,1040.66,984.25
huck.col.11,Maple_LCM+BCrestart_M1@default,lrat-check pending,lrat-check pending,0,428.84,457.55
huck.col.11,Maple_LCM_M1@default,lrat-check pending,lrat-check pending,0,428.64,426.22
huck.col.11,Maple_LCM_Scavel_200_fix2@default,lrat-check pending,lrat-check pending,0,433.86,374.06
huck.col.11,Riss7.1-fix@BVE_DRAT,lrat-check pending,lrat-check pending,0,918.33,869.81
huck.col.11,Sparrow2Riss-2018-fixfix@MAIN,lrat-check pending,lrat-check pending,0,924.04,908.31
mchess_15,CaDiCaL@DONTUNZIP-fixed,lrat-check pending,lrat-check pending,4,428.77,367.18
mchess_15,abcdsat_r18@default,lrat-check pending,lrat-check pending,0,3460.32,3987.26
mchess_15,Candy@default,lrat-check pending,lrat-check pending,0,1264.45,1304.55
mchess_15,COMiniSatPS_Pulsar_drup@drup,lrat-check pending,lrat-check pending,0,661.82,589.11
mchess_15,Lingeling@default,lrat-check pending,lrat-check pending,0,1976.39,2060.41
mchess_15,Maple_CM_ordUIP+@default,lrat-check pending,lrat-check pending,0,3382.18,3767.32
mchess_15,Maple_CM_ordUIP@default,lrat-check pending,lrat-check pending,0,3295.78,3334.48
mchess_15,MapleCOMSPS_LRB_VSIDS_2_fix@LRB_VSIDS_2_drup,lrat-check pending,lrat-check pending,0,808.22,775.37
mchess_15,Riss7.1-fix@BVE_DRAT,lrat-check pending,lrat-check pending,0,2971.70,3863.91
mchess_15,smallsat@default,lrat-check pending,lrat-check pending,0,2781.34,3105.77
mchess_15,Sparrow2Riss-2018-fixfix@MAIN,lrat-check pending,lrat-check pending,0,2918.44,3254.02
mchess_15,varisat@default,lrat-check pending,lrat-check pending,0,1234.98,1156.68
mchess_16,CaDiCaL@DONTUNZIP-fixed,lrat-check pending,lrat-check pending,0,270.17,268.30
mchess_16,glucose-3.0_PADC_10@default,lrat-check pending,lrat-check pending,0,7174.51,8092.51
mchess_16,Lingeling@default,lrat-check pending,lrat-check pending,0,3583.90,3823.85
mchess_16,varisat@default,lrat-check pending,lrat-check pending,0,1901.09,1827.27
mchess_17,abcdsat_r18@default,out of time,lrat-check pending,,20000.20,17697.94
mchess_18,CaDiCaL@DONTUNZIP-fixed,lrat-check pending,lrat-check pending,25,638.75,671.61
Nb27T6,CaDiCaL@DONTUNZIP-fixed,lrat-check pending,lrat-check pending,1,492.40,482.66
Nb27T6,abcdsat_r18@default,lrat-check pending,lrat-check pending,3,857.30,845.34
Nb27T6,cms55-main-all4fixed@glubreak,lrat-check pending,lrat-check pending,0,889.81,810.37
Nb27T6,cms55-main-all4fixed@main,lrat-check pending,lrat-check pending,0,616.84,612.76
Nb27T6,cms55-main-all4fixed@otherconf,lrat-check pending,lrat-check pending,0,736.09,853.69
Nb27T6,COMiniSatPS_Pulsar_drup@drup,lrat-check pending,lrat-check pending,0,275.34,241.09
Nb27T6,expMC_LRB_VSIDS_Switch_2500@default,lrat-check pending,lrat-check pending,0,148.88,156.86
Nb27T6,Lingeling@default,lrat-check pending,lrat-check pending,0,952.99,968.20
Nb27T6,Maple_CM_Dist@default,lrat-check pending,lrat-check pending,0,288.17,371.72
Nb27T6,Maple_CM_ordUIP+@default,lrat-check pending,lrat-check pending,0,549.77,457.57
Nb27T6,Maple_CM_ordUIP@default,lrat-check pending,lrat-check pending,0,541.07,436.76
Nb27T6,Maple_LCM+BCrestart@default,lrat-check pending,lrat-check pending,0,427.66,466.37
Nb27T6,Maple_LCM+BCrestart_M1@default,lrat-check pending,lrat-check pending,0,261.46,209.84
Nb27T6,Maple_LCM_M1@default,lrat-check pending,lrat-check pending,0,215.31,202.82
Nb27T6,Maple_LCM_Scavel_200_fix2@default,lrat-check pending,lrat-check pending,0,698.65,694.10
Nb27T6,Maple_LCM_Scavel_fix2@default,lrat-check pending,lrat-check pending,0,773.12,781.14
Nb27T6,Minisat-v2.2.0-106-ge2dd095@simp_proof,lrat-check pending,lrat-check pending,0,698.08,841.66
Nb27T6,Riss7.1-fix@BVE_DRAT,lrat-check pending,lrat-check pending,907,1067.30,1048.39
Nb27T6,smallsat@default,lrat-check pending,lrat-check pending,0,780.10,745.24
Nb27T6,Sparrow2Riss-2018-fixfix@MAIN,lrat-check pending,lrat-check pending,907,1288.43,1012.50
Nb29T6,CaDiCaL@DONTUNZIP-fixed,lrat-check pending,lrat-check pending,3,511.37,525.73
Nb29T6,abcdsat_r18@default,lrat-check pending,lrat-check pending,1,2758.04,2863.94
Nb29T6,Candy@default,lrat-check pending,lrat-check pending,0,565.84,448.60
Nb29T6,cms55-main-all4fixed@autotune,lrat-check pending,lrat-check pending,0,1281.79,1035.44
Nb29T6,cms55-main-all4fixed@glubreak,lrat-check pending,lrat-check pending,0,923.99,1069.45
Nb29T6,cms55-main-all4fixed@main,lrat-check pending,lrat-check pending,0,1475.47,1405.25
Nb29T6,cms55-main-all4fixed@otherconf,lrat-check pending,lrat-check pending,0,1047.31,863.66
Nb29T6,COMiniSatPS_Pulsar_drup@drup,lrat-check pending,lrat-check pending,0,161.46,158.59
Nb29T6,expMC_LRB_VSIDS_Switch_2500@default,lrat-check pending,lrat-check pending,0,157.82,171.02
Nb29T6,expMC_VSIDS_LRB_Switch_2500@default,lrat-check pending,lrat-check pending,0,374.80,365.08
Nb29T6,Lingeling@default,lrat-check pending,lrat-check pending,0,1255.76,1173.21
Nb29T6,Maple_CM_ordUIP+@default,lrat-check pending,lrat-check pending,0,514.63,501.95
Nb29T6,Maple_CM_ordUIP@default,lrat-check pending,lrat-check pending,0,488.73,477.02
Nb29T6,MapleCOMSPS_CHB_VSIDS_drup@CHB_VSIDS_drup,lrat-check pending,lrat-check pending,0,300.88,289.16
Nb29T6,MapleCOMSPS_LRB_VSIDS_2_fix@LRB_VSIDS_2_drup,lrat-check pending,lrat-check pending,0,304.00,273.43
Nb29T6,MapleCOMSPS_LRB_VSIDS_drup@LRB_VSIDS_drup,lrat-check pending,lrat-check pending,0,356.03,301.12
Nb29T6,Maple_LCM+BCrestart@default,lrat-check pending,lrat-check pending,0,244.72,309.63
Nb29T6,Maple_LCM+BCrestart_M1@default,lrat-check pending,lrat-check pending,0,220.18,263.39
Nb29T6,MapleLCMDistChronoBT@default,lrat-check pending,lrat-check pending,0,294.23,229.04
Nb29T6,Maple_LCM_M1@default,lrat-check pending,lrat-check pending,0,308.70,261.98
Nb29T6,Maple_LCM_Scavel_200_fix2@default,lrat-check pending,lrat-check pending,0,234.12,211.88
Nb29T6,Maple_LCM_Scavel_fix2@default,lrat-check pending,lrat-check pending,0,265.90,279.79
Nb29T6,Riss7.1-fix@BVE_DRAT,lrat-check pending,lrat-check pending,2365,1499.21,1680.85
Nb29T6,smallsat@default,lrat-check pending,lrat-check pending,0,759.72,708.38
Nb29T6,Sparrow2Riss-2018-fixfix@MAIN,lrat-check pending,lrat-check pending,2365,1364.45,1670.80
Nb37T6,CaDiCaL@DONTUNZIP-fixed,lrat-check pending,lrat-check pending,0,674.38,620.53
Nb37T6,abcdsat_r18@default,lrat-check pending,lrat-check pending,2,1993.06,1686.88
Nb37T6,cms55-main-all4fixed@glubreak,lrat-check pending,lrat-check pending,0,1277.02,1250.88
Nb37T6,cms55-main-all4fixed@otherconf,lrat-check pending,lrat-check pending,0,1055.52,1108.99
Nb37T6,COMiniSatPS_Pulsar_drup@drup,lrat-check pending,lrat-check pending,0,212.68,213.44
Nb37T6,expMC_LRB_VSIDS_Switch@default,lrat-check pending,lrat-check pending,0,404.43,469.19
Nb37T6,glucose-3.0_PADC_10@default,lrat-check pending,lrat-check pending,0,516.91,475.73
Nb37T6,Maple_CM_ordUIP+@default,lrat-check pending,lrat-check pending,0,472.05,471.23
Nb37T6,Maple_CM_ordUIP@default,lrat-check pending,lrat-check pending,0,434.88,514.08
Nb37T6,MapleCOMSPS_CHB_VSIDS_drup@CHB_VSIDS_drup,lrat-check pending,lrat-check pending,0,530.98,466.91
Nb37T6,MapleCOMSPS_LRB_VSIDS_drup@LRB_VSIDS_drup,lrat-check pending,lrat-check pending,0,561.82,514.39
Nb37T6,Maple_LCM+BCrestart@default,lrat-check pending,lrat-check pending,0,383.14,377.24
Nb37T6,Maple_LCM+BCrestart_M1@default,lrat-check pending,lrat-check pending,0,425.82,385.13
Nb37T6,MapleLCMDistChronoBT@default,lrat-check pending,lrat-check pending,0,499.29,509.04
Nb37T6,Maple_LCM_M1@default,lrat-check pending,lrat-check pending,0,374.74,370.68
Nb37T6,Maple_LCM_Scavel_200_fix2@default,lrat-check pending,lrat-check pending,0,370.19,404.07
Nb37T6,Maple_LCM_Scavel_fix2@default,lrat-check pending,lrat-check pending,0,340.52,353.21
Nb37T6,Minisat-v2.2.0-106-ge2dd095@simp_proof,lrat-check pending,lrat-check pending,0,1206.66,1197.95
Nb37T6,Riss7.1-fix@BVE_DRAT,lrat-check pending,lrat-check pending,2694,2299.02,2479.74
Nb37T6,smallsat@default,lrat-check pending,lrat-check pending,2,1237.72,1309.30
Nb37T6,Sparrow2Riss-2018-fixfix@MAIN,lrat-check pending,lrat-check pending,2694,2587.50,2480.46
Nb39T6,CaDiCaL@DONTUNZIP-fixed,lrat-check pending,lrat-check pending,1,1154.66,1006.56
Nb39T6,cms55-main-all4fixed@autotune,lrat-check pending,lrat-check pending,0,1520.11,1357.46
Nb39T6,cms55-main-all4fixed@glubreak,lrat-check pending,lrat-check pending,0,1964.74,1901.00
Nb39T6,cms55-main-all4fixed@otherconf,lrat-check pending,lrat-check pending,0,1891.56,1710.27
Nb39T6,COMiniSatPS_Pulsar_drup@drup,lrat-check pending,lrat-check pending,0,305.44,291.80
Nb39T6,expMC_LRB_VSIDS_Switch_2500@default,lrat-check pending,lrat-check pending,0,424.09,406.17
Nb39T6,expMC_LRB_VSIDS_Switch@default,lrat-check pending,lrat-check pending,0,472.80,486.01
Nb39T6,expMC_VSIDS_LRB_Switch_2500@default,lrat-check pending,lrat-check pending,0,505.97,492.30
Nb39T6,glucose-3.0_PADC_10@default,lrat-check pending,lrat-check pending,0,1102.55,1020.28
Nb39T6,glucose4.2.1@default,lrat-check pending,lrat-check pending,0,622.46,600.05
Nb39T6,Maple_CM@default,lrat-check pending,lrat-check pending,0,464.18,455.73
Nb39T6,Maple_CM_Dist@default,lrat-check pending,lrat-check pending,0,516.89,473.68
Nb39T6,Maple_CM_ordUIP+@default,lrat-check pending,lrat-check pending,0,578.11,536.44
Nb39T6,Maple_CM_ordUIP@default,lrat-check pending,lrat-check pending,0,562.62,524.66
Nb39T6,MapleCOMSPS_CHB_VSIDS_drup@CHB_VSIDS_drup,lrat-check pending,lrat-check pending,0,422.01,439.72
Nb39T6,MapleCOMSPS_LRB_VSIDS_2_fix@LRB_VSIDS_2_drup,lrat-check pending,lrat-check pending,0,392.84,385.74
Nb39T6,Maple_LCM+BCrestart@default,lrat-check pending,lrat-check pending,0,465.02,466.09
Nb39T6,Maple_LCM+BCrestart_M1@default,lrat-check pending,lrat-check pending,0,436.34,418.47
Nb39T6,MapleLCMDistChronoBT@default,lrat-check pending,lrat-check pending,0,329.37,316.95
Nb39T6,Maple_LCM_M1@default,lrat-check pending,lrat-check pending,0,418.91,406.66
Nb39T6,Maple_LCM_Scavel_200_fix2@default,lrat-check pending,lrat-check pending,0,448.58,503.73
Nb39T6,Maple_LCM_Scavel_fix2@default,lrat-check pending,lrat-check pending,0,413.53,414.45
Nb39T6,Riss7.1-fix@BVE_DRAT,lrat-check pending,lrat-check pending,0,1628.43,1618.86
Nb39T6,smallsat@default,lrat-check pending,lrat-check pending,0,1756.36,1982.61
Nb39T6,Sparrow2Riss-2018-fixfix@MAIN,lrat-check pending,lrat-check pending,0,1561.29,1597.84
Nb42T6,CaDiCaL@DONTUNZIP-fixed,lrat-check pending,lrat-check pending,2,883.91,1153.03
Nb42T6,abcdsat_r18@default,lrat-check pending,lrat-check pending,1,2844.42,2937.32
Nb42T6,cms55-main-all4fixed@glubreak,lrat-check pending,lrat-check pending,0,1603.70,1806.03
Nb42T6,cms55-main-all4fixed@main,lrat-check pending,lrat-check pending,0,2333.10,2295.15
Nb42T6,COMiniSatPS_Pulsar_drup@drup,lrat-check pending,lrat-check pending,0,358.29,364.05
Nb42T6,expMC_LRB_VSIDS_Switch_2500@default,lrat-check pending,lrat-check pending,0,470.07,455.87
Nb42T6,expMC_LRB_VSIDS_Switch@default,lrat-check pending,lrat-check pending,0,535.21,514.37
Nb42T6,expMC_VSIDS_LRB_Switch_2500@default,lrat-check pending,lrat-check pending,0,493.52,466.50
Nb42T6,Maple_CM@default,lrat-check pending,lrat-check pending,0,437.41,442.22
Nb42T6,Maple_CM_Dist@default,lrat-check pending,lrat-check pending,1,435.44,418.36
Nb42T6,Maple_CM_ordUIP+@default,lrat-check pending,lrat-check pending,0,501.84,489.61
Nb42T6,Maple_CM_ordUIP@default,lrat-check pending,lrat-check pending,0,640.51,683.54
Nb42T6,MapleCOMSPS_CHB_VSIDS_drup@CHB_VSIDS_drup,lrat-check pending,lrat-check pending,0,768.13,869.65
Nb42T6,MapleCOMSPS_LRB_VSIDS_2_fix@LRB_VSIDS_2_drup,lrat-check pending,lrat-check pending,0,590.76,641.93
Nb42T6,MapleCOMSPS_LRB_VSIDS_drup@LRB_VSIDS_drup,lrat-check pending,lrat-check pending,0,615.61,656.46
Nb42T6,Maple_LCM+BCrestart_M1@default,lrat-check pending,lrat-check pending,0,422.75,397.90
Nb42T6,Maple_LCM_M1@default,lrat-check pending,lrat-check pending,0,498.32,498.02
Nb42T6,Maple_LCM_Scavel_fix2@default,lrat-check pending,lrat-check pending,0,463.71,470.66
Nb42T6,smallsat@default,lrat-check pending,lrat-check pending,0,2763.59,2787.03
Nb44T6,abcdsat_r18@default,lrat-check pending,lrat-check pending,0,3614.49,3821.93
Nb44T6,cms55-main-all4fixed@glubreak,lrat-check pending,lrat-check pending,0,1837.37,2275.87
Nb44T6,cms55-main-all4fixed@main,lrat-check pending,lrat-check pending,0,2002.13,2430.24
Nb44T6,cms55-main-all4fixed@otherconf,lrat-check pending,lrat-check pending,0,1838.91,2334.42
Nb44T6,expMC_LRB_VSIDS_Switch_2500@default,lrat-check pending,lrat-check pending,0,502.91,462.52
Nb44T6,expMC_VSIDS_LRB_Switch_2500@default,lrat-check pending,lrat-check pending,0,536.37,501.18
Nb44T6,Maple_CM@default,lrat-check pending,lrat-check pending,0,611.20,556.79
Nb44T6,Maple_CM_Dist@default,lrat-check pending,lrat-check pending,0,478.85,460.34
Nb44T6,Maple_CM_ordUIP@default,lrat-check pending,lrat-check pending,0,569.55,533.32
Nb44T6,MapleCOMSPS_LRB_VSIDS_2_fix@LRB_VSIDS_2_drup,lrat-check pending,lrat-check pending,0,672.30,627.82
Nb44T6,Maple_LCM+BCrestart@default,lrat-check pending,lrat-check pending,0,468.16,422.73
Nb44T6,Maple_LCM+BCrestart_M1@default,lrat-check pending,lrat-check pending,0,733.64,669.30
Nb44T6,MapleLCMDistChronoBT@default,lrat-check pending,lrat-check pending,0,450.60,426.68
Nb44T6,Maple_LCM_Scavel_200_fix2@default,lrat-check pending,lrat-check pending,0,625.83,598.17
Nb44T6,Maple_LCM_Scavel_fix2@default,lrat-check pending,lrat-check pending,0,526.02,518.89
Nb44T6,smallsat@default,lrat-check pending,lrat-check pending,0,3634.27,4054.70
Nb45T6,CaDiCaL@DONTUNZIP-fixed,lrat-check pending,lrat-check pending,2,1088.73,936.41
Nb45T6,abcdsat_r18@default,lrat-check pending,lrat-check pending,1,3085.87,2964.07
Nb45T6,cms55-main-all4fixed@main,lrat-check pending,lrat-check pending,0,2859.05,2704.87
Nb45T6,COMiniSatPS_Pulsar_drup@drup,lrat-check pending,lrat-check pending,0,422.25,392.25
Nb45T6,expMC_LRB_VSIDS_Switch@default,lrat-check pending,lrat-check pending,0,705.97,835.30
Nb45T6,expMC_VSIDS_LRB_Switch_2500@default,lrat-check pending,lrat-check pending,0,843.15,613.06
Nb45T6,Maple_CM@default,lrat-check pending,lrat-check pending,0,487.05,508.15
Nb45T6,Maple_CM_ordUIP+@default,lrat-check pending,lrat-check pending,0,703.16,776.38
Nb45T6,Maple_CM_ordUIP@default,lrat-check pending,lrat-check pending,0,714.78,664.42
Nb45T6,MapleCOMSPS_LRB_VSIDS_2_fix@LRB_VSIDS_2_drup,lrat-check pending,lrat-check pending,0,618.34,615.95
Nb45T6,MapleCOMSPS_LRB_VSIDS_drup@LRB_VSIDS_drup,lrat-check pending,lrat-check pending,0,616.04,609.24
Nb45T6,Maple_LCM+BCrestart@default,lrat-check pending,lrat-check pending,0,624.54,566.04
Nb45T6,Maple_LCM+BCrestart_M1@default,lrat-check pending,lrat-check pending,0,677.29,722.35
Nb45T6,Maple_LCM_Scavel_200_fix2@default,lrat-check pending,lrat-check pending,0,576.24,609.67
Nb45T6,Maple_LCM_Scavel_fix2@default,lrat-check pending,lrat-check pending,0,560.15,542.07
Nb45T6,smallsat@default,lrat-check pending,lrat-check pending,0,2832.26,2928.21
Nb49T6,CaDiCaL@DONTUNZIP-fixed,lrat-check pending,lrat-check pending,0,1515.55,1563.02
Nb49T6,abcdsat_r18@default,lrat-check pending,lrat-check pending,0,2731.76,2681.71
Nb49T6,expMC_LRB_VSIDS_Switch_2500@default,lrat-check pending,lrat-check pending,0,755.35,758.44
Nb49T6,expMC_VSIDS_LRB_Switch_2500@default,lrat-check pending,lrat-check pending,0,732.55,760.82
Nb49T6,Maple_CM@default,lrat-check pending,lrat-check pending,8,729.55,779.35
Nb49T6,Maple_CM_Dist@default,lrat-check pending,lrat-check pending,0,757.35,720.14
Nb49T6,Maple_CM_ordUIP+@default,lrat-check pending,lrat-check pending,0,746.72,722.46
Nb49T6,Maple_CM_ordUIP@default,lrat-check pending,lrat-check pending,0,695.37,687.06
Nb49T6,MapleCOMSPS_LRB_VSIDS_drup@LRB_VSIDS_drup,lrat-check pending,lrat-check pending,0,847.06,832.22
Nb49T6,Maple_LCM+BCrestart@default,lrat-check pending,lrat-check pending,5,656.54,666.40
Nb49T6,Maple_LCM+BCrestart_M1@default,lrat-check pending,lrat-check pending,0,687.96,638.04
Nb49T6,MapleLCMDistChronoBT@default,lrat-check pending,lrat-check pending,0,784.34,798.87
Nb49T6,Maple_LCM_M1@default,lrat-check pending,lrat-check pending,0,820.75,797.34
Nb49T6,Maple_LCM_Scavel_200_fix2@default,lrat-check pending,lrat-check pending,0,640.27,617.53
Nb49T6,Maple_LCM_Scavel_fix2@default,lrat-check pending,lrat-check pending,0,676.46,687.68
Nb49T6,smallsat@default,lrat-check pending,lrat-check pending,0,2581.10,2947.57
Nb51T6,COMiniSatPS_Pulsar_drup@drup,lrat-check pending,lrat-check pending,0,674.92,616.43
Nb51T6,expMC_LRB_VSIDS_Switch_2500@default,lrat-check pending,lrat-check pending,0,1012.10,908.66
Nb51T6,expMC_LRB_VSIDS_Switch@default,lrat-check pending,lrat-check pending,0,997.68,858.89
Nb51T6,Maple_CM@default,lrat-check pending,lrat-check pending,0,1099.48,960.23
Nb51T6,Maple_CM_Dist@default,lrat-check pending,lrat-check pending,0,906.89,820.82
Nb51T6,Maple_CM_ordUIP+@default,lrat-check pending,lrat-check pending,0,890.08,881.73
Nb51T6,Maple_CM_ordUIP@default,lrat-check pending,lrat-check pending,0,956.79,778.78
Nb51T6,MapleCOMSPS_LRB_VSIDS_2_fix@LRB_VSIDS_2_drup,lrat-check pending,lrat-check pending,0,910.91,827.89
Nb51T6,MapleCOMSPS_LRB_VSIDS_drup@LRB_VSIDS_drup,lrat-check pending,lrat-check pending,0,962.14,844.30
Nb51T6,Maple_LCM+BCrestart@default,lrat-check pending,lrat-check pending,0,1106.91,905.90
Nb51T6,Maple_LCM+BCrestart_M1@default,lrat-check pending,lrat-check pending,0,983.69,837.88
Nb51T6,MapleLCMDistChronoBT@default,lrat-check pending,lrat-check pending,0,869.02,797.20
Nb51T6,Maple_LCM_M1@default,lrat-check pending,lrat-check pending,0,818.96,781.77
Nb51T6,Maple_LCM_Scavel_fix2@default,lrat-check pending,lrat-check pending,0,774.93,658.29
Nb51T6,smallsat@default,lrat-check pending,lrat-check pending,0,12626.72,11217.01
Nb52T6,abcdsat_r18@default,lrat-check pending,lrat-check pending,0,4806.02,4353.90
Nb52T6,COMiniSatPS_Pulsar_drup@drup,lrat-check pending,lrat-check pending,0,774.40,717.37
Nb52T6,expMC_LRB_VSIDS_Switch_2500@default,lrat-check pending,lrat-check pending,0,883.26,823.36
Nb52T6,expMC_LRB_VSIDS_Switch@default,lrat-check pending,lrat-check pending,0,958.81,915.93
Nb52T6,expMC_VSIDS_LRB_Switch_2500@default,lrat-check pending,lrat-check pending,0,939.49,964.08
Nb52T6,Maple_CM@default,lrat-check pending,lrat-check pending,0,924.40,948.49
Nb52T6,Maple_CM_ordUIP+@default,lrat-check pending,lrat-check pending,0,877.34,772.32
Nb52T6,Maple_CM_ordUIP@default,lrat-check pending,lrat-check pending,0,828.53,901.89
Nb52T6,MapleCOMSPS_LRB_VSIDS_2_fix@LRB_VSIDS_2_drup,lrat-check pending,lrat-check pending,0,805.13,817.45
Nb52T6,Maple_LCM+BCrestart@default,lrat-check pending,lrat-check pending,0,746.05,693.08
Nb52T6,Maple_LCM+BCrestart_M1@default,lrat-check pending,lrat-check pending,62,782.02,717.09
Nb52T6,MapleLCMDistChronoBT@default,lrat-check pending,lrat-check pending,0,925.12,908.63
Nb52T6,Maple_LCM_M1@default,lrat-check pending,lrat-check pending,0,849.98,852.62
Nb52T6,Maple_LCM_Scavel_200_fix2@default,lrat-check pending,lrat-check pending,0,755.29,752.99
Nb52T6,Maple_LCM_Scavel_fix2@default,lrat-check pending,lrat-check pending,0,759.83,715.86
Nb52T6,smallsat@default,lrat-check pending,lrat-check pending,0,4521.38,4326.29
Nb54T6,abcdsat_r18@default,lrat-check pending,lrat-check pending,2,5039.29,4735.26
Nb54T6,COMiniSatPS_Pulsar_drup@drup,lrat-check pending,lrat-check pending,0,839.01,814.83
Nb54T6,MapleCOMSPS_LRB_VSIDS_2_fix@LRB_VSIDS_2_drup,lrat-check pending,lrat-check pending,0,981.29,1001.61
Nb54T6,MapleCOMSPS_LRB_VSIDS_drup@LRB_VSIDS_drup,lrat-check pending,lrat-check pending,0,889.09,899.97
Nb54T6,Maple_LCM+BCrestart@default,lrat-check pending,lrat-check pending,0,982.68,966.04
Nb54T6,MapleLCMDistChronoBT@default,lrat-check pending,lrat-check pending,0,1020.11,1091.92
Nb54T6,Maple_LCM_M1@default,lrat-check pending,lrat-check pending,2,1049.74,1082.92
Nb54T6,smallsat@default,lrat-check pending,lrat-check pending,0,4495.61,4609.44
newton_3_4_true-unreach-call.i,Lingeling@default,lrat-check pending,lrat-check pending,1686,101.23,100.73
newton_3_4_true-unreach-call.i,Riss7.1-fix@BVE_DRAT,lrat-check pending,lrat-check pending,5560,40.83,42.90
newton_3_4_true-unreach-call.i,Sparrow2Riss-2018-fixfix@MAIN,lrat-check pending,lrat-check pending,5560,43.21,42.37
newton_3_4_true-unreach-call.i,varisat@default,lrat-check pending,lrat-check pending,0,116.76,119.65
pals_lcr.8_overflow_false-unreach-call.ufo.UNBOUNDED.pals.c,CaDiCaL@DONTUNZIP-fixed,lrat-check pending,lrat-check pending,49652,3522.68,5487.52
pals_lcr.8_overflow_false-unreach-call.ufo.UNBOUNDED.pals.c,abcdsat_r18@default,lrat-check pending,lrat-check pending,48,10476.20,12015.74
pals_lcr.8_overflow_false-unreach-call.ufo.UNBOUNDED.pals.c,Lingeling@default,lrat-check pending,lrat-check pending,10878,9657.31,11732.30
pals_lcr.8_overflow_false-unreach-call.ufo.UNBOUNDED.pals.c,Riss7.1-fix@BVE_DRAT,lrat-check pending,lrat-check pending,37259,2486.90,4126.08
pals_lcr.8_overflow_false-unreach-call.ufo.UNBOUNDED.pals.c,smallsat@default,out of time,lrat-check pending,,20000.17,18391.47
pals_lcr.8_overflow_false-unreach-call.ufo.UNBOUNDED.pals.c,Sparrow2Riss-2018-fixfix@MAIN,lrat-check pending,lrat-check pending,37259,2548.76,4223.39
pals_lcr-var-start-time.5_true-unreach-call.ufo.UNBOUNDED.pals.c,CaDiCaL@DONTUNZIP-fixed,lrat-check pending,lrat-check pending,22678,487.39,756.27
pals_lcr-var-start-time.5_true-unreach-call.ufo.UNBOUNDED.pals.c,abcdsat_r18@default,lrat-check pending,lrat-check pending,45,1909.40,2084.58
pals_lcr-var-start-time.5_true-unreach-call.ufo.UNBOUNDED.pals.c,Lingeling@default,lrat-check pending,lrat-check pending,2293,670.54,562.72
pals_lcr-var-start-time.5_true-unreach-call.ufo.UNBOUNDED.pals.c,Riss7.1-fix@BVE_DRAT,lrat-check pending,lrat-check pending,24617,1257.05,1800.76
pals_lcr-var-start-time.5_true-unreach-call.ufo.UNBOUNDED.pals.c,smallsat@default,lrat-check pending,lrat-check pending,14042,1385.54,1470.25
pals_lcr-var-start-time.5_true-unreach-call.ufo.UNBOUNDED.pals.c,Sparrow2Riss-2018-fixfix@MAIN,lrat-check pending,lrat-check pending,24617,1211.38,1624.92
pals_lcr-var-start-time.6_true-unreach-call.ufo.UNBOUNDED.pals.c,CaDiCaL@DONTUNZIP-fixed,lrat-check pending,lrat-check pending,18079,1654.86,1962.52
pals_lcr-var-start-time.6_true-unreach-call.ufo.UNBOUNDED.pals.c,abcdsat_r18@default,lrat-check pending,lrat-check pending,57,16552.51,12369.68
pals_lcr-var-start-time.6_true-unreach-call.ufo.UNBOUNDED.pals.c,GHackCOMSPS_drup@ghack_drup,out of memory,out of memory,,73.86,76.65
pals_lcr-var-start-time.6_true-unreach-call.ufo.UNBOUNDED.pals.c,Lingeling@default,lrat-check pending,lrat-check pending,3514,2000.10,3159.31
pals_lcr-var-start-time.6_true-unreach-call.ufo.UNBOUNDED.pals.c,Riss7.1-fix@BVE_DRAT,lrat-check pending,lrat-check pending,16517,4321.29,4590.17
pals_lcr-var-start-time.6_true-unreach-call.ufo.UNBOUNDED.pals.c,smallsat@default,lrat-check pending,lrat-check pending,8615,6389.58,4838.94
pals_lcr-var-start-time.6_true-unreach-call.ufo.UNBOUNDED.pals.c,Sparrow2Riss-2018-fixfix@MAIN,lrat-check pending,lrat-check pending,16749,3096.93,3376.98
prime_119218851371,CaDiCaL@DONTUNZIP-fixed,lrat-check pending,lrat-check pending,2103,218.56,269.95
prime_119218851371,abcdsat_r18@default,lrat-check pending,lrat-check pending,194,610.73,597.99
prime_119218851371,Lingeling@default,lrat-check pending,lrat-check pending,942,492.17,567.30
prime_119218851371,Riss7.1-fix@BVE_DRAT,lrat-check pending,lrat-check pending,352,446.90,471.63
prime_119218851371,smallsat@default,lrat-check pending,lrat-check pending,139,915.47,909.06
prime_119218851371,varisat@default,lrat-check pending,lrat-check pending,0,931.19,889.03
prime_200560490131,CaDiCaL@DONTUNZIP-fixed,lrat-check pending,lrat-check pending,2317,664.80,688.98
prime_200560490131,abcdsat_r18@default,lrat-check pending,lrat-check pending,173,1546.27,2312.16
prime_200560490131,Lingeling@default,lrat-check pending,lrat-check pending,1063,476.27,466.10
prime_200560490131,smallsat@default,lrat-check pending,lrat-check pending,108,1521.54,2129.04
prime_200560490131,Sparrow2Riss-2018-fixfix@MAIN,lrat-check pending,lrat-check pending,274,642.84,617.26
prime_200560490131,varisat@default,lrat-check pending,lrat-check pending,0,1688.55,2794.94
Problem14_label19_true-unreach-call.c,CaDiCaL@DONTUNZIP-fixed,lrat-check pending,lrat-check pending,191515,3559.16,2192.47
Problem14_label19_true-unreach-call.c,abcdsat_r18@default,lrat-check pending,lrat-check pending,1365,2209.84,2058.21
Problem14_label19_true-unreach-call.c,Lingeling@default,lrat-check pending,lrat-check pending,10119,622.57,428.87
Problem14_label19_true-unreach-call.c,Riss7.1-fix@BVE_DRAT,lrat-check pending,lrat-check pending,328575,4215.10,1236.09
Problem14_label19_true-unreach-call.c,smallsat@default,lrat-check pending,lrat-check pending,851,576.57,464.73
Problem14_label19_true-unreach-call.c,Sparrow2Riss-2018-fixfix@MAIN,lrat-check pending,lrat-check pending,297170,4391.54,1570.86
Problem14_label20_true-unreach-call.c,CaDiCaL@DONTUNZIP-fixed,lrat-check pending,lrat-check pending,168137,3567.78,47.22
Problem14_label20_true-unreach-call.c,abcdsat_r18@default,lrat-check pending,lrat-check pending,996,1042.31,1297.54
Problem14_label20_true-unreach-call.c,cms55-main-all4fixed@autotune,lrat-check pending,lrat-check pending,7753,144.53,24.83
Problem14_label20_true-unreach-call.c,cms55-main-all4fixed@glubreak,lrat-check pending,lrat-check pending,7753,131.54,26.93
Problem14_label20_true-unreach-call.c,cms55-main-all4fixed@main,lrat-check pending,lrat-check pending,7753,134.08,29.99
Problem14_label20_true-unreach-call.c,cms55-main-all4fixed@otherconf,lrat-check pending,lrat-check pending,7753,140.38,26.87
Problem14_label20_true-unreach-call.c,COMiniSatPS_Pulsar_drup@drup,lrat-check pending,lrat-check pending,132196,2270.04,670.75
Problem14_label20_true-unreach-call.c,expGlucose@default,lrat-check pending,lrat-check pending,995,26.75,21.92
Problem14_label20_true-unreach-call.c,expMC_LRB_VSIDS_Switch_2500@default,lrat-check pending,lrat-check pending,132196,2227.62,1092.72
Problem14_label20_true-unreach-call.c,expMC_LRB_VSIDS_Switch@default,lrat-check pending,lrat-check pending,132196,2572.84,838.45
Problem14_label20_true-unreach-call.c,expMC_VSIDS_LRB_Switch_2500@default,lrat-check pending,lrat-check pending,132196,2662.45,859.66
Problem14_label20_true-unreach-call.c,GHackCOMSPS_drup@ghack_drup,lrat-check pending,lrat-check pending,227593,4108.88,545.43
Problem14_label20_true-unreach-call.c,glucose-3.0_PADC_10@default,lrat-check pending,lrat-check pending,995,27.55,28.05
Problem14_label20_true-unreach-call.c,glucose-3.0_PADC_3@default,lrat-check pending,lrat-check pending,995,25.67,25.95
Problem14_label20_true-unreach-call.c,glucose3.0@proofs,lrat-check pending,lrat-check pending,995,27.73,29.05
Problem14_label20_true-unreach-call.c,glucose4.2.1@default,lrat-check pending,lrat-check pending,127177,2197.86,33.75
Problem14_label20_true-unreach-call.c,Glucose_Hack_Kiel_fastBVE@default,lrat-check pending,lrat-check pending,995,25.65,26.24
Problem14_label20_true-unreach-call.c,gluHack@default,lrat-check pending,lrat-check pending,995,25.40,23.02
Problem14_label20_true-unreach-call.c,glu_mix@default,lrat-check pending,lrat-check pending,995,29.26,25.97
Problem14_label20_true-unreach-call.c,Lingeling@default,lrat-check pending,lrat-check pending,10287,163.27,61.19
Problem14_label20_true-unreach-call.c,MapleCOMSPS_CHB_VSIDS_drup@CHB_VSIDS_drup,lrat-check pending,lrat-check pending,132196,2477.14,826.53
Problem14_label20_true-unreach-call.c,MapleCOMSPS_LRB_VSIDS_2_fix@LRB_VSIDS_2_drup,lrat-check pending,lrat-check pending,132196,2838.81,831.49
Problem14_label20_true-unreach-call.c,MapleCOMSPS_LRB_VSIDS_drup@LRB_VSIDS_drup,lrat-check pending,lrat-check pending,132196,2428.81,810.01
Problem14_label20_true-unreach-call.c,Maple_LCM+BCrestart@default,lrat-check pending,lrat-check pending,132196,2358.82,736.50
Problem14_label20_true-unreach-call.c,Maple_LCM+BCrestart_M1@default,lrat-check pending,lrat-check pending,132196,2334.89,704.25
Problem14_label20_true-unreach-call.c,Maple_LCM_M1@default,lrat-check pending,lrat-check pending,132196,2170.38,667.38
Problem14_label20_true-unreach-call.c,Minisat-v2.2.0-106-ge2dd095@simp_proof,lrat-check pending,lrat-check pending,227503,3035.44,485.81
Problem14_label20_true-unreach-call.c,Riss7.1-fix@BVE_DRAT,lrat-check pending,lrat-check pending,168137,3421.19,461.62
Problem14_label20_true-unreach-call.c,smallsat@default,lrat-check pending,lrat-check pending,1232,747.88,784.66
Problem14_label20_true-unreach-call.c,Sparrow2Riss-2018-fixfix@MAIN,lrat-check pending,lrat-check pending,168137,3236.43,471.78
Problem14_label20_true-unreach-call.c,varisat@default,lrat-check pending,lrat-check pending,0,27.30,22.71
Problem14_label48_true-unreach-call.c,CaDiCaL@DONTUNZIP-fixed,lrat-check pending,lrat-check pending,169183,6259.24,4068.60
Problem14_label48_true-unreach-call.c,cms55-main-all4fixed@glubreak,lrat-check pending,lrat-check pending,161464,7155.71,6542.33
Problem14_label48_true-unreach-call.c,cms55-main-all4fixed@otherconf,lrat-check pending,lrat-check pending,7775,355.52,254.13
Problem14_label48_true-unreach-call.c,Lingeling@default,lrat-check pending,lrat-check pending,10336,2922.22,2222.33
Problem14_label48_true-unreach-call.c,Riss7.1-fix@BVE_DRAT,lrat-check pending,lrat-check pending,170216,4835.33,3113.14
Problem14_label48_true-unreach-call.c,smallsat@default,lrat-check pending,lrat-check pending,1539,5396.78,4857.41
Problem14_label48_true-unreach-call.c,varisat@default,lrat-check pending,lrat-check pending,0,226.75,206.04
Problem14_label55_true-unreach-call.c,CaDiCaL@DONTUNZIP-fixed,lrat-check pending,lrat-check pending,168140,4720.26,2199.09
Problem14_label55_true-unreach-call.c,Lingeling@default,lrat-check pending,lrat-check pending,10276,366.98,220.96
Problem14_label55_true-unreach-call.c,Riss7.1-fix@BVE_DRAT,lrat-check pending,lrat-check pending,168446,3844.53,1534.86
Problem14_label55_true-unreach-call.c,smallsat@default,lrat-check pending,lrat-check pending,1310,2104.90,2299.93
Problem14_label55_true-unreach-call.c,varisat@default,lrat-check pending,lrat-check pending,0,72.99,67.36
quadratic_loose_error.c,CaDiCaL@DONTUNZIP-fixed,lrat-check pending,lrat-check pending,20034,728.64,783.40
quadratic_loose_error.c,abcdsat_r18@default,lrat-check pending,lrat-check pending,15,658.14,662.65
quadratic_loose_error.c,Lingeling@default,lrat-check pending,lrat-check pending,2781,50.05,55.28
quadratic_loose_error.c,smallsat@default,lrat-check pending,lrat-check pending,478,218.44,202.18
quadratic_tight_error.c,CaDiCaL@DONTUNZIP-fixed,lrat-check pending,lrat-check pending,17239,1044.77,1400.19
quadratic_tight_error.c,abcdsat_r18@default,lrat-check pending,lrat-check pending,70,3477.80,2733.84
quadratic_tight_error.c,Lingeling@default,lrat-check pending,lrat-check pending,3341,132.32,167.80
quadratic_tight_error.c,smallsat@default,lrat-check pending,lrat-check pending,441,17136.65,13983.09
queen12_12.col.12,CaDiCaL@DONTUNZIP-fixed,lrat-check pending,lrat-check pending,31,33.82,35.82
queen12_12.col.12,abcdsat_r18@default,lrat-check pending,lrat-check pending,1,2340.28,2393.98
queen12_12.col.12,cms55-main-all4fixed@autotune,lrat-check pending,lrat-check pending,0,507.22,513.16
queen12_12.col.12,expMC_VSIDS_LRB_Switch_2500@default,lrat-check pending,lrat-check pending,0,13046.95,14813.80
queen12_12.col.12,GHackCOMSPS_drup@ghack_drup,lrat-check pending,lrat-check pending,0,18851.76,13199.61
queen12_12.col.12,Maple_CM_Dist@default,lrat-check pending,lrat-check pending,0,7233.88,6804.74
queen12_12.col.12,MapleCOMSPS_LRB_VSIDS_2_fix@LRB_VSIDS_2_drup,lrat-check pending,lrat-check pending,0,9449.26,8898.13
queen12_12.col.12,MapleCOMSPS_LRB_VSIDS_drup@LRB_VSIDS_drup,lrat-check pending,lrat-check pending,0,16709.92,13585.53
queen12_12.col.12,Maple_LCM+BCrestart_M1@default,lrat-check pending,lrat-check pending,0,11562.29,11189.69
queen13_13.col.13,MapleLCMDistChronoBT@default,lrat-check pending,lrat-check pending,0,2158.59,2085.64
queen8_12.col.12,CaDiCaL@DONTUNZIP-fixed,lrat-check pending,lrat-check pending,26,19.77,21.04
queen8_12.col.12,abcdsat_r18@default,lrat-check pending,lrat-check pending,1,610.51,538.06
queen8_12.col.12,cms55-main-all4fixed@glubreak,lrat-check pending,lrat-check pending,0,497.31,457.04
queen8_12.col.12,expMC_LRB_VSIDS_Switch@default,lrat-check pending,lrat-check pending,0,680.55,673.91
queen8_12.col.12,expMC_VSIDS_LRB_Switch_2500@default,lrat-check pending,lrat-check pending,0,1929.60,2378.41
queen8_12.col.12,GHackCOMSPS_drup@ghack_drup,lrat-check pending,lrat-check pending,0,8441.05,10410.74
queen8_12.col.12,Lingeling@default,lrat-check pending,lrat-check pending,0,425.07,393.08
queen8_12.col.12,Maple_CM@default,lrat-check pending,lrat-check pending,0,891.70,926.55
queen8_12.col.12,Maple_CM_ordUIP+@default,lrat-check pending,lrat-check pending,0,915.50,951.00
queen8_12.col.12,Maple_CM_ordUIP@default,lrat-check pending,lrat-check pending,0,901.67,912.68
queen8_12.col.12,MapleCOMSPS_LRB_VSIDS_2_fix@LRB_VSIDS_2_drup,lrat-check pending,lrat-check pending,0,364.19,385.16
queen8_12.col.12,MapleCOMSPS_LRB_VSIDS_drup@LRB_VSIDS_drup,lrat-check pending,lrat-check pending,0,1063.82,1040.14
queen8_12.col.12,Maple_LCM+BCrestart_M1@default,lrat-check pending,lrat-check pending,0,664.16,663.73
queen8_12.col.12,smallsat@default,lrat-check pending,lrat-check pending,1,1160.05,1189.64
school1_nsh.col.14,CaDiCaL@DONTUNZIP-fixed,lrat-check pending,lrat-check pending,95,6764.45,6449.71
sdiv15prop,CaDiCaL@DONTUNZIP-fixed,lrat-check pending,lrat-check pending,150,1260.97,1269.30
sdiv15prop,abcdsat_r18@default,lrat-check pending,lrat-check pending,1,2119.28,2080.72
sdiv15prop,Riss7.1-fix@BVE_DRAT,lrat-check pending,lrat-check pending,145,4097.12,3618.26
sdiv15prop,smallsat@default,lrat-check pending,lrat-check pending,2,2893.50,3041.50
sdiv15prop,Sparrow2Riss-2018-fixfix@MAIN,lrat-check pending,lrat-check pending,145,4116.81,3748.73
sdiv15prop,varisat@default,lrat-check pending,lrat-check pending,0,7787.78,7116.04
sdiv16prop,CaDiCaL@DONTUNZIP-fixed,lrat-check pending,lrat-check pending,382,4390.60,4065.46
sdiv16prop,abcdsat_r18@default,lrat-check pending,lrat-check pending,3,5439.60,4491.89
sdiv16prop,Lingeling@default,lrat-check pending,lrat-check pending,33,5101.97,3437.40
sdiv17prop,CaDiCaL@DONTUNZIP-fixed,lrat-check pending,lrat-check pending,441,12152.03,9972.53
sdiv17prop,abcdsat_r18@default,lrat-check pending,lrat-check pending,0,18431.58,16837.74
sdiv17prop,Lingeling@default,lrat-check pending,lrat-check pending,44,15328.65,12457.79
sdiv17prop,smallsat@default,lrat-check pending,lrat-check pending,5,11556.49,11742.40
T103.2.0,CaDiCaL@DONTUNZIP-fixed,lrat-check pending,lrat-check pending,8005,908.36,993.26
T103.2.0,Lingeling@default,lrat-check pending,lrat-check pending,378,223.33,229.63
T103.2.0,varisat@default,lrat-check pending,lrat-check pending,0,174.56,176.86
T105.2.0,CaDiCaL@DONTUNZIP-fixed,lrat-check pending,lrat-check pending,42467,1184.50,1141.69
T105.2.0,Lingeling@default,lrat-check pending,lrat-check pending,1746,607.19,643.32
T105.2.0,smallsat@default,lrat-check pending,lrat-check pending,2989,1438.55,1516.80
T107.2.0,CaDiCaL@DONTUNZIP-fixed,lrat-check pending,lrat-check pending,33098,1164.91,917.95
T107.2.0,Lingeling@default,lrat-check pending,lrat-check pending,1113,754.83,624.60
T107.2.0,smallsat@default,lrat-check pending,lrat-check pending,916,2065.41,2296.88
T107.2.0,varisat@default,lrat-check pending,lrat-check pending,0,272.02,296.85
T116.2.0,CaDiCaL@DONTUNZIP-fixed,lrat-check pending,lrat-check pending,8030,1401.60,1478.40
T116.2.0,Lingeling@default,lrat-check pending,lrat-check pending,83,1039.49,1188.50
T116.2.0,smallsat@default,lrat-check pending,lrat-check pending,2365,949.48,1166.31
T116.2.0,Sparrow2Riss-2018-fixfix@MAIN,lrat-check pending,lrat-check pending,12364,393.81,361.04
T116.2.0,varisat@default,lrat-check pending,lrat-check pending,0,106.96,118.82
T117.2.0,CaDiCaL@DONTUNZIP-fixed,lrat-check pending,lrat-check pending,39753,970.47,864.14
T117.2.0,Lingeling@default,lrat-check pending,lrat-check pending,287,742.21,749.51
T117.2.0,Riss7.1-fix@BVE_DRAT,lrat-check pending,lrat-check pending,24461,338.54,320.40
T117.2.0,smallsat@default,lrat-check pending,lrat-check pending,1678,2123.10,2041.21
T117.2.0,varisat@default,lrat-check pending,lrat-check pending,0,157.06,162.44
T122.2.0,CaDiCaL@DONTUNZIP-fixed,lrat-check pending,lrat-check pending,11640,942.66,1012.67
T122.2.0,Lingeling@default,lrat-check pending,lrat-check pending,1373,1088.80,1083.63
T122.2.0,smallsat@default,lrat-check pending,lrat-check pending,1163,2266.64,2517.15
T125.2.0,CaDiCaL@DONTUNZIP-fixed,lrat-check pending,lrat-check pending,10043,872.20,1017.25
T125.2.0,Lingeling@default,lrat-check pending,lrat-check pending,46,754.23,895.52
T125.2.0,smallsat@default,lrat-check pending,lrat-check pending,1786,3587.61,3580.75
T125.2.0,varisat@default,lrat-check pending,lrat-check pending,1,201.40,227.46
T129.2.0,CaDiCaL@DONTUNZIP-fixed,lrat-check pending,lrat-check pending,40463,1499.63,1448.80
T129.2.0,Riss7.1-fix@BVE_DRAT,lrat-check pending,lrat-check pending,114771,421.70,198.14
T129.2.0,smallsat@default,lrat-check pending,lrat-check pending,1542,2496.10,4312.90
T129.2.0,varisat@default,lrat-check pending,lrat-check pending,0,186.31,187.83
T56.2.0,CaDiCaL@DONTUNZIP-fixed,lrat-check pending,lrat-check pending,37733,987.06,914.50
T56.2.0,Lingeling@default,lrat-check pending,lrat-check pending,631,954.81,1000.22
T56.2.0,smallsat@default,lrat-check pending,lrat-check pending,848,2048.06,1503.41
T56.2.0,Sparrow2Riss-2018-fixfix@MAIN,lrat-check pending,lrat-check pending,11483,294.50,320.47
T56.2.0,varisat@default,lrat-check pending,lrat-check pending,0,172.83,193.67
T62.2.0,CaDiCaL@DONTUNZIP-fixed,lrat-check pending,lrat-check pending,9563,922.73,1132.30
T62.2.0,Lingeling@default,lrat-check pending,lrat-check pending,15,483.39,568.87
T62.2.0,Riss7.1-fix@BVE_DRAT,lrat-check pending,lrat-check pending,35939,2166.94,2617.76
T62.2.0,smallsat@default,lrat-check pending,lrat-check pending,1005,2155.76,2747.32
T77.2.0,CaDiCaL@DONTUNZIP-fixed,lrat-check pending,lrat-check pending,6210,1191.07,1315.31
T77.2.0,Lingeling@default,lrat-check pending,lrat-check pending,401,852.56,905.02
T77.2.0,Sparrow2Riss-2018-fixfix@MAIN,lrat-check pending,lrat-check pending,11143,311.61,374.11
T77.2.0,varisat@default,lrat-check pending,lrat-check pending,0,222.37,288.64
T82.2.0,CaDiCaL@DONTUNZIP-fixed,lrat-check pending,lrat-check pending,10485,1248.66,1176.20
T82.2.0,Lingeling@default,lrat-check pending,lrat-check pending,55,244.13,251.71
T82.2.0,smallsat@default,lrat-check pending,lrat-check pending,1110,1606.31,1491.58
T82.2.0,varisat@default,lrat-check pending,lrat-check pending,2,241.06,257.51
T84.2.0,CaDiCaL@DONTUNZIP-fixed,lrat-check pending,lrat-check pending,11615,1731.34,1305.50
T84.2.0,Lingeling@default,lrat-check pending,lrat-check pending,47,571.73,552.87
T86.2.0,CaDiCaL@DONTUNZIP-fixed,lrat-check pending,lrat-check pending,37360,1003.22,978.17
T86.2.0,Lingeling@default,lrat-check pending,lrat-check pending,35,257.06,256.63
T86.2.0,smallsat@default,lrat-check pending,lrat-check pending,1391,1936.79,1817.30
T86.2.0,varisat@default,lrat-check pending,lrat-check pending,0,232.99,233.16
T87.2.0,CaDiCaL@DONTUNZIP-fixed,lrat-check pending,lrat-check pending,8849,790.44,646.22
T87.2.0,Lingeling@default,lrat-check pending,lrat-check pending,1886,590.40,576.30
T87.2.0,smallsat@default,lrat-check pending,lrat-check pending,973,2371.71,2138.77
T87.2.0,varisat@default,lrat-check pending,lrat-check pending,0,253.92,263.24
T90.2.0,CaDiCaL@DONTUNZIP-fixed,lrat-check pending,lrat-check pending,51769,1533.91,1512.63
T90.2.0,Lingeling@default,lrat-check pending,lrat-check pending,66,680.07,682.29
T90.2.0,smallsat@default,lrat-check pending,lrat-check pending,2035,2842.55,2662.02
T92.2.0,CaDiCaL@DONTUNZIP-fixed,error,error,,37.50,36.48
T92.2.0,Lingeling@default,lrat-check pending,lrat-check pending,48,834.44,939.02
T92.2.0,smallsat@default,lrat-check pending,lrat-check pending,907,4080.78,3888.51
T92.2.0,varisat@default,lrat-check pending,lrat-check pending,0,187.33,192.08
T93.2.0,Lingeling@default,lrat-check pending,lrat-check pending,49,664.56,686.08
T93.2.0,smallsat@default,lrat-check pending,lrat-check pending,853,2335.15,2242.98
T96.2.0,CaDiCaL@DONTUNZIP-fixed,lrat-check pending,lrat-check pending,10462,1137.03,1121.22
T96.2.0,Lingeling@default,lrat-check pending,lrat-check pending,18,569.66,619.41
T96.2.0,smallsat@default,lrat-check pending,lrat-check pending,1235,1486.72,1662.99
T96.2.0,varisat@default,lrat-check pending,lrat-check pending,0,196.25,199.25
T98.2.0,CaDiCaL@DONTUNZIP-fixed,lrat-check pending,lrat-check pending,10006,956.99,1052.84
T98.2.0,Lingeling@default,lrat-check pending,lrat-check pending,4793,539.95,529.84
T98.2.0,smallsat@default,lrat-check pending,lrat-check pending,1060,1773.57,1672.23
T98.2.0,varisat@default,lrat-check pending,lrat-check pending,0,208.03,208.40
terminator_03_true-unreach-call_true-termination.i,CaDiCaL@DONTUNZIP-fixed,lrat-check pending,lrat-check pending,39,56.70,57.18
terminator_03_true-unreach-call_true-termination.i,abcdsat_r18@default,lrat-check pending,lrat-check pending,46,258.54,257.46
terminator_03_true-unreach-call_true-termination.i,Riss7.1-fix@BVE_DRAT,lrat-check pending,lrat-check pending,34,84.04,89.30
terminator_03_true-unreach-call_true-termination.i,smallsat@default,lrat-check pending,lrat-check pending,144,193.52,180.09
terminator_03_true-unreach-call_true-termination.i,Sparrow2Riss-2018-fixfix@MAIN,lrat-check pending,lrat-check pending,34,85.96,86.67
udiv35prop,CaDiCaL@DONTUNZIP-fixed,lrat-check pending,lrat-check pending,712,1375.33,1572.18
udiv35prop,Lingeling@default,lrat-check pending,lrat-check pending,226,7100.06,6715.46
udiv35prop,Riss7.1-fix@BVE_DRAT,lrat-check pending,lrat-check pending,267,1840.17,1699.71
udiv35prop,Sparrow2Riss-2018-fixfix@MAIN,lrat-check pending,lrat-check pending,267,1787.23,1703.42
udiv40prop,CaDiCaL@DONTUNZIP-fixed,lrat-check pending,lrat-check pending,1152,3937.86,4031.53
udiv40prop,Riss7.1-fix@BVE_DRAT,lrat-check pending,lrat-check pending,88,9005.52,9148.06
udiv40prop,Sparrow2Riss-2018-fixfix@MAIN,lrat-check pending,lrat-check pending,88,9727.52,8804.66
uniqinv20prop,cms55-main-all4fixed@autotune,lrat-check pending,lrat-check pending,92,71.59,88.05
uniqinv20prop,cms55-main-all4fixed@glubreak,lrat-check pending,lrat-check pending,90,42.63,40.91
uniqinv20prop,cms55-main-all4fixed@main,lrat-check pending,lrat-check pending,92,57.91,53.07
uniqinv20prop,cms55-main-all4fixed@otherconf,lrat-check pending,lrat-check pending,91,44.87,43.65
uniqinv20prop,Riss7.1-fix@BVE_DRAT,lrat-check pending,lrat-check pending,218,1034.18,1267.05
uniqinv20prop,Sparrow2Riss-2018-fixfix@MAIN,lrat-check pending,lrat-check pending,218,987.94,1293.88
uniqinv25prop,CaDiCaL@DONTUNZIP-fixed,lrat-check pending,lrat-check pending,206,2457.39,2495.29
uniqinv25prop,cms55-main-all4fixed@autotune,lrat-check pending,lrat-check pending,111,28.09,30.72
uniqinv25prop,cms55-main-all4fixed@glubreak,lrat-check pending,lrat-check pending,113,23.70,26.32
uniqinv25prop,cms55-main-all4fixed@main,lrat-check pending,lrat-check pending,111,28.86,29.62
uniqinv25prop,Lingeling@default,lrat-check pending,lrat-check pending,7,142.45,260.22
uniqinv25prop,Riss7.1-fix@BVE_DRAT,lrat-check pending,lrat-check pending,133,1853.49,2063.99
uniqinv25prop,Sparrow2Riss-2018-fixfix@MAIN,lrat-check pending,lrat-check pending,133,1949.57,1824.77
uniqinv30prop,CaDiCaL@DONTUNZIP-fixed,lrat-check pending,lrat-check pending,261,3391.40,3075.27
uniqinv30prop,cms55-main-all4fixed@autotune,lrat-check pending,lrat-check pending,133,53.18,49.41
uniqinv30prop,cms55-main-all4fixed@main,lrat-check pending,lrat-check pending,133,53.51,52.04
uniqinv30prop,cms55-main-all4fixed@otherconf,lrat-check pending,lrat-check pending,132,51.53,51.58
uniqinv30prop,Lingeling@default,lrat-check pending,lrat-check pending,13,283.17,248.53
uniqinv30prop,Riss7.1-fix@BVE_DRAT,lrat-check pending,lrat-check pending,147,6400.57,6507.47
uniqinv30prop,Sparrow2Riss-2018-fixfix@MAIN,lrat-check pending,lrat-check pending,147,6274.31,6460.44
uniqinv40prop,cms55-main-all4fixed@autotune,lrat-check pending,lrat-check pending,170,77.43,81.33
uniqinv40prop,cms55-main-all4fixed@glubreak,lrat-check pending,lrat-check pending,170,117.67,117.28
uniqinv40prop,cms55-main-all4fixed@otherconf,lrat-check pending,lrat-check pending,170,131.53,133.58
uniqinv40prop,Riss7.1-fix@BVE_DRAT,lrat-check pending,lrat-check pending,362,5211.11,5490.03
uniqinv40prop,Sparrow2Riss-2018-fixfix@MAIN,lrat-check pending,lrat-check pending,362,5232.87,5307.70
uniqinv45prop,cms55-main-all4fixed@autotune,lrat-check pending,lrat-check pending,190,123.81,125.09
uniqinv45prop,cms55-main-all4fixed@glubreak,lrat-check pending,lrat-check pending,190,464.26,492.74
uniqinv45prop,cms55-main-all4fixed@main,lrat-check pending,lrat-check pending,190,220.89,228.72
uniqinv46prop,cms55-main-all4fixed@autotune,lrat-check pending,lrat-check pending,194,117.47,120.81
uniqinv46prop,cms55-main-all4fixed@main,lrat-check pending,lrat-check pending,194,577.32,641.55
uniqinv46prop,cms55-main-all4fixed@otherconf,lrat-check pending,lrat-check pending,196,330.08,344.37
uniqinv47prop,cms55-main-all4fixed@glubreak,lrat-check pending,lrat-check pending,196,754.45,775.27
uniqinv47prop,cms55-main-all4fixed@main,lrat-check pending,lrat-check pending,198,304.65,308.85
uniqinv47prop,cms55-main-all4fixed@otherconf,lrat-check pending,lrat-check pending,198,1054.30,1009.97
