instance,solver,rate time,rate d-time,gratgen time,drat-trim time,rate space,rate d-space,gratgen space,drat-trim space
ae_rphp035_05,CaDiCaL@DONTUNZIP-fixed,6152.29,5852.83,5855.85,7765.41,2855.8,2855.8,5266.9,3013.1
ae_rphp035_05,abcdsat_r18@default,6976.78,6564.58,7041.43,11198.03,1787.0,1787.0,3209.4,1872.5
ae_rphp035_05,smallsat@default,3481.01,3397.54,3353.80,6021.10,1511.6,1511.6,2634.2,1565.4
ae_rphp035_05,varisat@default,2998.26,3019.50,2634.38,3572.79,2891.6,2891.6,5320.3,2997.2
ae_rphp055_04,CaDiCaL@DONTUNZIP-fixed,397.69,414.56,391.95,508.38,650.4,650.4,1077.9,652.1
ae_rphp055_04,Lingeling@default,2050.52,2334.08,2137.33,2893.54,703.0,703.0,1183.6,731.6
ae_rphp055_04,Riss7.1-fix@BVE_DRAT,833.64,876.40,811.48,1172.40,776.5,776.6,1324.9,776.9
ae_rphp055_04,smallsat@default,1774.42,2164.15,1916.77,3402.04,1051.5,1051.5,1828.0,1030.9
ae_rphp055_04,Sparrow2Riss-2018-fixfix@MAIN,857.63,882.75,945.14,1410.50,776.7,776.5,1333.8,776.8
ae_rphp055_04,varisat@default,631.67,626.75,653.38,860.32,1384.1,1384.0,2466.9,1350.6
ae_rphp075_04,CaDiCaL@DONTUNZIP-fixed,3230.77,3263.80,2889.43,4230.26,2496.6,2496.3,4618.7,2639.8
a_rphp035_05,abcdsat_r18@default,4889.68,4780.04,5233.66,6649.96,2593.6,2593.3,4732.6,2638.4
a_rphp035_05,smallsat@default,4758.25,4595.73,5113.56,7447.39,1878.8,1878.8,3405.0,1948.1
a_rphp055_04,abcdsat_r18@default,5380.96,5220.90,5048.39,9199.23,2418.6,2418.5,4487.1,2502.0
a_rphp055_04,Lingeling@default,2146.76,2234.82,2126.81,2911.44,679.5,679.5,1159.5,698.2
a_rphp055_04,MapleCOMSPS_LRB_VSIDS_drup@LRB_VSIDS_drup,3043.32,2663.49,2125.27,3704.10,1510.2,1510.3,2721.3,1481.9
a_rphp055_04,Riss7.1-fix@BVE_DRAT,792.30,881.37,779.19,1074.67,734.5,734.6,1261.7,732.1
a_rphp055_04,smallsat@default,2602.93,2509.80,3301.06,4757.20,1013.7,1013.7,1762.6,985.1
a_rphp055_04,varisat@default,686.71,652.82,594.36,951.29,1656.6,1656.5,3015.5,1629.9
a_rphp065_04,CaDiCaL@DONTUNZIP-fixed,877.91,918.00,797.64,1267.64,1129.5,1129.4,1959.5,1134.7
a_rphp065_04,abcdsat_r18@default,3775.60,3942.73,3743.52,6270.82,1146.6,1146.4,2050.9,1153.6
a_rphp065_04,COMiniSatPS_Pulsar_drup@drup,1706.48,1705.98,1595.14,2528.90,1565.4,1565.4,2848.9,1568.4
a_rphp065_04,Riss7.1-fix@BVE_DRAT,2497.40,2413.70,2724.12,3499.82,1771.7,1771.7,3266.1,1794.2
a_rphp065_04,smallsat@default,5026.73,5406.08,4880.74,7776.96,1404.0,1404.1,2555.9,1425.9
a_rphp065_04,Sparrow2Riss-2018-fixfix@MAIN,2458.25,2477.75,2638.58,3728.27,1771.8,1771.7,3269.0,1794.3
a_rphp065_04,varisat@default,1540.84,1478.85,1869.56,2609.25,3663.0,3662.8,6969.8,3700.0
assoc_mult_err_3.c,CaDiCaL@DONTUNZIP-fixed,107.90,128.92,76.99,119.60,108.6,108.8,85.4,109.1
assoc_mult_err_3.c,abcdsat_r18@default,414.95,455.48,255.89,510.11,193.5,193.4,255.9,185.8
assoc_mult_err_3.c,Lingeling@default,179.60,248.58,113.00,176.77,118.1,118.2,90.6,116.7
assoc_mult_err_3.c,smallsat@default,380.27,531.98,250.61,405.67,137.1,137.1,166.2,131.9
assoc_mult_err_3.c,varisat@default,1281.77,1067.40,603.09,932.10,184.3,184.5,233.0,180.1
avg_true-unreach-call.i,Lingeling@default,1469.32,1973.32,335.43,757.88,415.8,413.0,625.0,416.4
avg_true-unreach-call.i,Riss7.1-fix@BVE_DRAT,1430.38,1613.21,515.63,932.55,523.6,523.3,861.7,515.7
avg_true-unreach-call.i,Sparrow2Riss-2018-fixfix@MAIN,1931.24,2281.25,595.41,899.77,523.5,523.6,878.1,515.7
avg_true-unreach-call.i,varisat@default,3062.66,3071.46,2006.09,2140.98,2284.3,2284.1,4304.6,2271.5
by-X-2-7-100,CaDiCaL@DONTUNZIP-fixed,6818.96,6959.40,6725.16,9955.29,505.1,500.3,881.9,562.0
by-X-2-7-100,abcdsat_r18@default,19601.88,12968.81,11617.57,18581.55,467.8,457.3,834.7,516.8
cms-scheel-md4-families-r24-c5-p1-5-10-12-18,CaDiCaL@DONTUNZIP-fixed,1.33,1.45,0.92,1.27,69.0,68.9,34.2,74.2
cms-scheel-md4-families-r24-c5-p1-5-10-12-18,abcdsat_r18@default,1.90,2.24,2.64,2.83,76.6,76.6,45.9,79.7
cms-scheel-md4-families-r24-c5-p1-5-10-12-18,cms55-main-all4fixed@autotune,19.25,19.74,14.34,15.70,240.4,240.4,310.8,225.9
cms-scheel-md4-families-r24-c5-p1-5-10-12-18,cms55-main-all4fixed@glubreak,39.68,37.25,27.86,29.89,365.7,365.7,564.0,347.9
cms-scheel-md4-families-r24-c5-p1-5-10-12-18,cms55-main-all4fixed@main,20.68,20.58,15.29,15.48,247.9,248.0,312.0,234.4
cms-scheel-md4-families-r24-c5-p1-5-10-12-18,cms55-main-all4fixed@otherconf,68.52,67.91,50.57,61.63,571.9,572.1,928.7,551.5
cms-scheel-md4-families-r24-c5-p1-5-10-12-18,COMiniSatPS_Pulsar_drup@drup,70.83,67.83,51.10,61.82,562.3,562.3,926.2,541.9
cms-scheel-md4-families-r24-c5-p1-5-10-12-18,expMC_LRB_VSIDS_Switch@default,67.51,61.38,47.44,56.15,548.8,548.9,922.3,528.6
cms-scheel-md4-families-r24-c5-p1-5-10-12-18,expMC_VSIDS_LRB_Switch_2500@default,45.30,45.41,35.73,40.64,397.8,397.8,620.7,378.1
cms-scheel-md4-families-r24-c5-p1-5-10-12-18,glucose3.0@proofs,424.69,425.48,372.06,422.25,2143.9,2143.9,3986.4,2126.5
cms-scheel-md4-families-r24-c5-p1-5-10-12-18,gluHack@default,495.03,500.86,425.30,476.29,2554.4,2554.4,4803.5,2537.6
cms-scheel-md4-families-r24-c5-p1-5-10-12-18,Lingeling@default,6.42,7.35,4.97,5.49,135.0,134.9,135.1,128.0
cms-scheel-md4-families-r24-c5-p1-5-10-12-18,Maple_CM@default,53.97,53.20,38.66,43.49,471.0,470.9,768.1,451.9
cms-scheel-md4-families-r24-c5-p1-5-10-12-18,Maple_CM_Dist@default,0.89,0.85,0.60,0.86,64.4,65.5,30.3,71.8
cms-scheel-md4-families-r24-c5-p1-5-10-12-18,MapleCOMSPS_CHB_VSIDS_drup@CHB_VSIDS_drup,0.88,0.88,0.66,0.87,65.8,65.6,29.8,71.3
cms-scheel-md4-families-r24-c5-p1-5-10-12-18,MapleCOMSPS_LRB_VSIDS_2_fix@LRB_VSIDS_2_drup,30.20,30.43,21.68,24.87,315.1,315.1,451.3,298.9
cms-scheel-md4-families-r24-c5-p1-5-10-12-18,MapleCOMSPS_LRB_VSIDS_drup@LRB_VSIDS_drup,1.04,1.02,0.70,0.80,65.8,65.8,29.8,71.5
cms-scheel-md4-families-r24-c5-p1-5-10-12-18,Maple_LCM+BCrestart_M1@default,36.69,41.35,26.06,29.24,363.5,363.7,555.0,346.4
cms-scheel-md4-families-r24-c5-p1-5-10-12-18,Maple_LCM_M1@default,37.34,40.47,25.85,29.61,363.6,363.7,564.0,346.5
cms-scheel-md4-families-r24-c5-p1-5-10-12-18,Maple_LCM_Scavel_fix2@default,48.70,50.60,36.78,41.71,467.3,467.2,756.1,448.5
cms-scheel-md4-families-r24-c5-p1-5-10-12-18,smallsat@default,164.57,162.86,123.83,149.94,1110.7,1110.7,2040.3,1090.6
cms-scheel-md4-families-r24-c5-p1-5-10-12-18,varisat@default,480.62,484.53,363.91,433.37,3305.7,3305.7,6305.8,3297.6
cms-scheel-md4-families-r24-c5-p1-8-9-16-19,CaDiCaL@DONTUNZIP-fixed,1.24,1.74,0.79,0.94,66.3,66.5,30.9,71.0
cms-scheel-md4-families-r24-c5-p1-8-9-16-19,abcdsat_r18@default,1.19,1.20,1.36,1.45,70.0,69.9,38.0,73.9
cms-scheel-md4-families-r24-c5-p1-8-9-16-19,cms55-main-all4fixed@glubreak,71.81,71.28,54.47,61.46,607.0,607.0,1006.4,586.2
cms-scheel-md4-families-r24-c5-p1-8-9-16-19,cms55-main-all4fixed@main,188.79,197.84,130.72,144.59,1238.8,1238.8,2258.7,1217.6
cms-scheel-md4-families-r24-c5-p1-8-9-16-19,COMiniSatPS_Pulsar_drup@drup,28.71,28.74,20.17,22.04,284.7,284.7,392.2,269.7
cms-scheel-md4-families-r24-c5-p1-8-9-16-19,expMC_LRB_VSIDS_Switch_2500@default,126.59,137.66,84.19,101.39,972.1,972.0,1774.0,950.7
cms-scheel-md4-families-r24-c5-p1-8-9-16-19,expMC_VSIDS_LRB_Switch_2500@default,105.20,107.29,80.60,86.82,779.9,779.9,1361.5,759.6
cms-scheel-md4-families-r24-c5-p1-8-9-16-19,glucose3.0@proofs,511.81,468.90,641.70,750.61,2281.9,2281.9,4246.1,2264.7
cms-scheel-md4-families-r24-c5-p1-8-9-16-19,Glucose_Hack_Kiel_fastBVE@default,493.14,481.64,407.95,459.87,2282.0,2281.8,4246.0,2264.6
cms-scheel-md4-families-r24-c5-p1-8-9-16-19,Lingeling@default,193.10,177.21,149.39,172.37,919.4,919.3,1616.7,899.9
cms-scheel-md4-families-r24-c5-p1-8-9-16-19,Maple_CM@default,234.82,227.11,158.25,183.33,1410.6,1410.9,2624.1,1390.6
cms-scheel-md4-families-r24-c5-p1-8-9-16-19,Maple_CM_Dist@default,252.80,248.91,180.25,215.89,1483.7,1483.6,2756.0,1464.2
cms-scheel-md4-families-r24-c5-p1-8-9-16-19,Maple_CM_ordUIP@default,450.88,466.84,350.86,412.14,2209.9,2209.9,4178.3,2194.8
cms-scheel-md4-families-r24-c5-p1-8-9-16-19,MapleCOMSPS_CHB_VSIDS_drup@CHB_VSIDS_drup,19.69,18.65,11.25,13.59,211.8,211.8,240.0,198.1
cms-scheel-md4-families-r24-c5-p1-8-9-16-19,MapleCOMSPS_LRB_VSIDS_2_fix@LRB_VSIDS_2_drup,203.47,201.31,140.43,170.59,1308.5,1308.2,2391.8,1287.2
cms-scheel-md4-families-r24-c5-p1-8-9-16-19,MapleCOMSPS_LRB_VSIDS_drup@LRB_VSIDS_drup,205.08,192.32,131.01,155.61,1220.7,1220.7,2187.3,1199.5
cms-scheel-md4-families-r24-c5-p1-8-9-16-19,Maple_LCM+BCrestart@default,217.07,212.76,153.34,178.31,1363.2,1363.1,2532.6,1342.8
cms-scheel-md4-families-r24-c5-p1-8-9-16-19,Maple_LCM+BCrestart_M1@default,48.80,47.18,29.46,35.77,411.6,411.4,669.7,393.4
cms-scheel-md4-families-r24-c5-p1-8-9-16-19,MapleLCMDistChronoBT@default,108.99,96.90,62.02,72.04,738.5,738.7,1306.9,718.3
cms-scheel-md4-families-r24-c5-p1-8-9-16-19,Maple_LCM_M1@default,67.49,77.06,41.14,47.68,521.7,521.7,868.5,503.2
cms-scheel-md4-families-r24-c5-p1-8-9-16-19,Maple_LCM_Scavel_200_fix2@default,38.10,37.91,24.34,29.03,349.4,349.2,519.0,333.8
cms-scheel-md4-families-r24-c5-p1-8-9-16-19,Maple_LCM_Scavel_fix2@default,23.64,24.25,15.47,18.73,255.9,255.8,362.6,243.9
cms-scheel-md4-families-r24-c5-p1-8-9-16-19,Riss7.1-fix@BVE_DRAT,439.37,448.44,374.66,409.84,2265.2,2265.2,4226.4,2249.3
cms-scheel-md4-families-r24-c5-p1-8-9-16-19,Sparrow2Riss-2018-fixfix@MAIN,435.94,444.92,611.27,697.10,2265.2,2265.4,4204.0,2249.3
cms-scheel-md4-families-r24-c6-p0-5-10-11-17-18,CaDiCaL@DONTUNZIP-fixed,1.20,1.69,0.92,1.04,67.0,67.6,32.5,72.6
cms-scheel-md4-families-r24-c6-p0-5-10-11-17-18,abcdsat_r18@default,1.21,1.28,1.69,1.88,74.6,74.8,43.4,76.8
cms-scheel-md4-families-r24-c6-p0-5-10-11-17-18,cms55-main-all4fixed@autotune,0.56,0.45,0.36,0.50,57.3,58.0,17.9,66.5
cms-scheel-md4-families-r24-c6-p0-5-10-11-17-18,cms55-main-all4fixed@glubreak,0.46,0.41,0.31,0.45,55.8,56.5,17.7,65.0
cms-scheel-md4-families-r24-c6-p0-5-10-11-17-18,cms55-main-all4fixed@main,0.50,0.41,0.37,0.54,58.2,58.0,17.1,66.5
cms-scheel-md4-families-r24-c6-p0-5-10-11-17-18,cms55-main-all4fixed@otherconf,2.09,1.94,1.46,1.52,80.5,80.9,52.0,83.1
cms-scheel-md4-families-r24-c6-p0-5-10-11-17-18,COMiniSatPS_Pulsar_drup@drup,172.21,180.24,135.71,156.95,961.3,961.4,1702.3,940.2
cms-scheel-md4-families-r24-c6-p0-5-10-11-17-18,expGlucose@default,14.36,16.39,10.70,11.18,192.2,192.3,230.1,179.7
cms-scheel-md4-families-r24-c6-p0-5-10-11-17-18,expMC_LRB_VSIDS_Switch_2500@default,35.90,36.34,24.78,29.36,340.0,340.0,491.8,324.4
cms-scheel-md4-families-r24-c6-p0-5-10-11-17-18,expMC_LRB_VSIDS_Switch@default,62.12,67.43,48.20,58.83,432.6,432.4,671.3,412.9
cms-scheel-md4-families-r24-c6-p0-5-10-11-17-18,expMC_VSIDS_LRB_Switch_2500@default,48.62,52.38,40.80,43.31,383.4,383.5,596.6,363.7
cms-scheel-md4-families-r24-c6-p0-5-10-11-17-18,GHackCOMSPS_drup@ghack_drup,604.43,590.46,478.34,582.40,2275.1,2274.9,4267.0,2255.5
cms-scheel-md4-families-r24-c6-p0-5-10-11-17-18,glucose-3.0_PADC_3@default,85.28,82.75,64.90,75.76,579.7,579.4,989.0,558.9
cms-scheel-md4-families-r24-c6-p0-5-10-11-17-18,Lingeling@default,10.07,9.27,7.10,7.50,148.3,148.1,146.0,139.3
cms-scheel-md4-families-r24-c6-p0-5-10-11-17-18,Maple_CM@default,0.97,0.89,0.65,0.84,66.4,66.5,30.9,72.0
cms-scheel-md4-families-r24-c6-p0-5-10-11-17-18,Maple_CM_Dist@default,1.12,0.92,0.62,0.86,64.9,64.6,30.1,71.5
cms-scheel-md4-families-r24-c6-p0-5-10-11-17-18,Maple_CM_ordUIP+@default,1.08,1.08,0.63,0.82,65.6,66.5,30.8,72.0
cms-scheel-md4-families-r24-c6-p0-5-10-11-17-18,Maple_CM_ordUIP@default,1.13,1.00,0.77,0.87,66.4,66.5,30.9,71.8
cms-scheel-md4-families-r24-c6-p0-5-10-11-17-18,MapleCOMSPS_LRB_VSIDS_2_fix@LRB_VSIDS_2_drup,60.92,65.69,51.42,52.43,475.5,475.5,761.3,455.4
cms-scheel-md4-families-r24-c6-p0-5-10-11-17-18,MapleCOMSPS_LRB_VSIDS_drup@LRB_VSIDS_drup,131.23,141.65,108.24,123.50,795.2,795.1,1394.1,774.4
cms-scheel-md4-families-r24-c6-p0-5-10-11-17-18,Maple_LCM+BCrestart@default,120.82,121.10,90.26,103.51,715.3,715.3,1284.7,694.5
cms-scheel-md4-families-r24-c6-p0-5-10-11-17-18,Maple_LCM+BCrestart_M1@default,1.01,1.05,0.60,0.82,66.4,66.5,30.9,72.1
cms-scheel-md4-families-r24-c6-p0-5-10-11-17-18,Maple_LCM_M1@default,1.19,1.02,0.70,0.78,65.7,66.4,30.9,72.1
cms-scheel-md4-families-r24-c6-p0-5-10-11-17-18,Maple_LCM_Scavel_200_fix2@default,212.94,210.65,162.46,193.06,1111.4,1111.4,2040.6,1090.9
cms-scheel-md4-families-r24-c6-p0-5-10-11-17-18,smallsat@default,485.70,483.12,613.92,748.62,2005.7,2005.7,3785.5,1989.0
cms-scheel-md4-families-r24-c6-p0-5-10-11-17-18,Sparrow2Riss-2018-fixfix@MAIN,138.13,137.19,122.70,122.22,776.9,777.2,1344.9,756.0
cms-scheel-md4-families-r24-c6-p0-5-10-11-17-18,varisat@default,568.92,574.03,482.79,546.90,3315.3,3315.3,6295.9,3307.7
cms-scheel-md4-families-r24-c6-p2-4-9-16-17-19,CaDiCaL@DONTUNZIP-fixed,0.98,1.01,0.79,0.89,66.5,66.6,30.9,71.6
cms-scheel-md4-families-r24-c6-p2-4-9-16-17-19,abcdsat_r18@default,0.90,0.92,1.06,1.07,67.6,68.4,35.4,72.4
cms-scheel-md4-families-r24-c6-p2-4-9-16-17-19,cms55-main-all4fixed@autotune,31.54,31.36,24.27,26.79,329.2,329.4,486.4,311.2
cms-scheel-md4-families-r24-c6-p2-4-9-16-17-19,cms55-main-all4fixed@glubreak,1.87,1.86,1.30,1.64,80.6,79.8,52.0,83.3
cms-scheel-md4-families-r24-c6-p2-4-9-16-17-19,cms55-main-all4fixed@main,19.49,21.34,14.87,15.82,242.2,242.4,320.2,228.3
cms-scheel-md4-families-r24-c6-p2-4-9-16-17-19,cms55-main-all4fixed@otherconf,12.90,12.04,8.69,10.41,182.1,182.1,210.4,172.4
cms-scheel-md4-families-r24-c6-p2-4-9-16-17-19,COMiniSatPS_Pulsar_drup@drup,17.89,18.38,12.91,17.28,219.2,219.4,289.9,207.3
cms-scheel-md4-families-r24-c6-p2-4-9-16-17-19,expGlucose@default,136.91,142.66,112.60,122.46,898.5,898.7,1584.7,878.0
cms-scheel-md4-families-r24-c6-p2-4-9-16-17-19,expMC_LRB_VSIDS_Switch@default,6.94,8.05,4.65,5.92,132.2,132.3,119.6,127.1
cms-scheel-md4-families-r24-c6-p2-4-9-16-17-19,expMC_VSIDS_LRB_Switch_2500@default,43.54,43.84,32.40,36.99,367.6,367.8,563.0,348.2
cms-scheel-md4-families-r24-c6-p2-4-9-16-17-19,glucose-3.0_PADC_10@default,76.46,80.46,53.64,60.56,565.0,565.1,957.5,544.2
cms-scheel-md4-families-r24-c6-p2-4-9-16-17-19,glucose4.2.1@default,125.10,120.54,93.50,97.73,751.8,751.8,1314.7,731.3
cms-scheel-md4-families-r24-c6-p2-4-9-16-17-19,Lingeling@default,29.68,28.90,44.18,50.34,284.6,284.6,389.4,266.9
cms-scheel-md4-families-r24-c6-p2-4-9-16-17-19,Maple_CM@default,7.05,6.53,4.02,4.46,119.0,119.0,95.9,115.7
cms-scheel-md4-families-r24-c6-p2-4-9-16-17-19,Maple_CM_Dist@default,0.94,1.06,0.68,0.80,65.7,65.8,30.1,71.6
cms-scheel-md4-families-r24-c6-p2-4-9-16-17-19,Maple_CM_ordUIP+@default,15.04,20.54,8.85,10.01,171.1,171.2,193.8,163.1
cms-scheel-md4-families-r24-c6-p2-4-9-16-17-19,Maple_CM_ordUIP@default,11.98,11.98,9.15,9.39,171.1,171.2,188.9,163.2
cms-scheel-md4-families-r24-c6-p2-4-9-16-17-19,MapleCOMSPS_CHB_VSIDS_drup@CHB_VSIDS_drup,35.15,33.64,24.89,31.02,312.1,312.1,469.4,294.1
cms-scheel-md4-families-r24-c6-p2-4-9-16-17-19,MapleCOMSPS_LRB_VSIDS_drup@LRB_VSIDS_drup,12.28,11.75,8.07,8.20,169.3,169.3,183.5,160.4
cms-scheel-md4-families-r24-c6-p2-4-9-16-17-19,Maple_LCM+BCrestart@default,9.42,7.69,4.92,5.24,131.4,131.4,109.7,126.2
cms-scheel-md4-families-r24-c6-p2-4-9-16-17-19,Maple_LCM+BCrestart_M1@default,8.68,8.75,6.20,6.74,144.7,144.8,145.8,139.3
cms-scheel-md4-families-r24-c6-p2-4-9-16-17-19,MapleLCMDistChronoBT@default,10.93,11.21,6.95,7.81,157.6,157.4,185.6,151.8
cms-scheel-md4-families-r24-c6-p2-4-9-16-17-19,Maple_LCM_M1@default,8.44,10.97,5.85,7.05,144.8,144.7,160.2,139.4
cms-scheel-md4-families-r24-c6-p2-4-9-16-17-19,Maple_LCM_Scavel_200_fix2@default,16.08,14.92,10.00,14.58,192.6,192.5,249.5,184.0
cms-scheel-md4-families-r24-c6-p2-4-9-16-17-19,Maple_LCM_Scavel_fix2@default,14.56,15.96,9.46,10.79,187.9,188.0,250.1,179.9
cms-scheel-md4-families-r24-c6-p2-4-9-16-17-19,Minisat-v2.2.0-106-ge2dd095@simp_proof,444.38,452.69,618.42,720.66,2103.5,2103.5,3922.8,2082.6
cms-scheel-md4-families-r24-c6-p2-4-9-16-17-19,Riss7.1-fix@BVE_DRAT,146.45,136.87,109.85,122.08,923.5,923.4,1607.7,902.9
cms-scheel-md4-families-r24-c6-p2-4-9-16-17-19,smallsat@default,26.21,25.73,16.67,18.62,250.1,249.9,355.7,236.1
cms-scheel-md4-families-r24-c6-p2-4-9-16-17-19,Sparrow2Riss-2018-fixfix@MAIN,150.18,145.46,212.51,234.92,923.3,923.4,1606.5,903.0
cms-scheel-md5-families-r24-c5-p6-11-15-16-19,abcdsat_r18@default,561.81,572.04,763.55,965.31,2865.2,2865.1,5459.4,2846.2
cms-scheel-md5-families-r24-c5-p6-11-15-16-19,cms55-main-all4fixed@autotune,174.70,178.14,134.84,161.30,1089.2,1089.3,1969.7,1068.6
cms-scheel-md5-families-r24-c5-p6-11-15-16-19,cms55-main-all4fixed@glubreak,61.80,65.06,42.08,45.39,545.0,545.0,883.6,524.7
cms-scheel-md5-families-r24-c5-p6-11-15-16-19,cms55-main-all4fixed@main,105.46,108.89,76.86,87.91,772.5,772.6,1351.3,751.6
cms-scheel-md5-families-r24-c5-p6-11-15-16-19,COMiniSatPS_Pulsar_drup@drup,26.17,29.30,18.67,20.74,264.4,264.6,374.1,248.9
cms-scheel-md5-families-r24-c5-p6-11-15-16-19,expGlucose@default,12.49,10.73,7.04,8.32,149.3,149.2,145.6,140.5
cms-scheel-md5-families-r24-c5-p6-11-15-16-19,expMC_LRB_VSIDS_Switch@default,22.49,22.81,15.30,18.38,238.9,238.9,295.7,224.2
cms-scheel-md5-families-r24-c5-p6-11-15-16-19,Maple_CM_Dist@default,1.40,1.47,1.01,1.25,70.6,72.6,42.5,76.1
cms-scheel-md5-families-r24-c5-p6-11-15-16-19,Maple_CM_ordUIP+@default,434.83,409.27,360.25,413.76,1864.5,1864.5,3504.3,1851.8
cms-scheel-md5-families-r24-c5-p6-11-15-16-19,MapleCOMSPS_LRB_VSIDS_2_fix@LRB_VSIDS_2_drup,62.65,59.24,42.64,48.05,494.1,493.9,812.2,473.6
cms-scheel-md5-families-r24-c5-p6-11-15-16-19,MapleCOMSPS_LRB_VSIDS_drup@LRB_VSIDS_drup,7.47,7.40,4.90,5.03,132.9,133.0,117.2,126.1
cms-scheel-md5-families-r24-c5-p6-11-15-16-19,MapleLCMDistChronoBT@default,5.47,5.07,3.19,4.17,101.7,101.5,77.3,101.8
cms-scheel-md5-families-r24-c5-p6-11-15-16-19,Maple_LCM_M1@default,122.67,113.45,78.10,97.57,812.4,812.3,1469.5,799.3
cms-scheel-md5-families-r24-c5-p6-11-15-16-19,Maple_LCM_Scavel_200_fix2@default,63.84,62.30,44.05,50.96,446.3,446.5,717.1,428.7
cms-scheel-md5-families-r24-c5-p6-11-15-16-19,Minisat-v2.2.0-106-ge2dd095@simp_proof,965.30,991.75,1352.80,1519.32,4703.1,4702.6,8970.6,4682.3
cms-scheel-md5-families-r24-c5-p6-11-15-16-19,Riss7.1-fix@BVE_DRAT,2.22,1.89,2.22,2.33,75.0,75.0,44.3,78.1
cms-scheel-md5-families-r24-c5-p6-11-15-16-19,Sparrow2Riss-2018-fixfix@MAIN,1.92,1.75,1.43,1.69,75.0,74.9,44.2,78.1
cms-scheel-md5-families-r24-c5-p6-11-15-16-19,varisat@default,1.11,0.96,0.96,1.30,62.9,62.7,26.7,69.8
cms-scheel-md5-families-r24-c7-p1-3-6-10-11-14-15,CaDiCaL@DONTUNZIP-fixed,1.74,1.53,1.15,1.34,72.2,72.2,41.5,75.9
cms-scheel-md5-families-r24-c7-p1-3-6-10-11-14-15,abcdsat_r18@default,33.48,35.85,24.63,28.87,362.5,362.3,575.5,344.6
cms-scheel-md5-families-r24-c7-p1-3-6-10-11-14-15,cms55-main-all4fixed@autotune,47.66,49.54,34.35,38.66,446.6,446.5,715.1,426.7
cms-scheel-md5-families-r24-c7-p1-3-6-10-11-14-15,cms55-main-all4fixed@glubreak,29.23,31.00,19.57,22.22,329.5,329.3,499.7,312.3
cms-scheel-md5-families-r24-c7-p1-3-6-10-11-14-15,cms55-main-all4fixed@main,40.68,38.81,26.63,27.60,408.2,408.2,648.4,389.9
cms-scheel-md5-families-r24-c7-p1-3-6-10-11-14-15,COMiniSatPS_Pulsar_drup@drup,56.23,64.05,39.27,46.24,516.1,516.2,860.0,496.1
cms-scheel-md5-families-r24-c7-p1-3-6-10-11-14-15,expGlucose@default,88.41,88.98,61.60,65.67,718.7,719.0,1237.2,697.7
cms-scheel-md5-families-r24-c7-p1-3-6-10-11-14-15,expMC_LRB_VSIDS_Switch_2500@default,41.21,40.99,25.43,29.49,413.1,413.0,666.2,395.1
cms-scheel-md5-families-r24-c7-p1-3-6-10-11-14-15,expMC_LRB_VSIDS_Switch@default,6.53,6.19,4.67,4.88,129.3,129.3,127.5,123.6
cms-scheel-md5-families-r24-c7-p1-3-6-10-11-14-15,expMC_VSIDS_LRB_Switch_2500@default,30.76,30.30,22.18,23.21,332.9,332.9,489.7,313.7
cms-scheel-md5-families-r24-c7-p1-3-6-10-11-14-15,GHackCOMSPS_drup@ghack_drup,33.10,30.18,20.21,23.51,330.1,330.3,474.6,313.6
cms-scheel-md5-families-r24-c7-p1-3-6-10-11-14-15,glucose-3.0_PADC_10@default,171.05,170.61,129.10,143.01,1214.0,1213.8,2204.0,1193.8
cms-scheel-md5-families-r24-c7-p1-3-6-10-11-14-15,glucose4.2.1@default,99.48,106.76,74.98,83.34,804.2,804.3,1398.8,783.3
cms-scheel-md5-families-r24-c7-p1-3-6-10-11-14-15,glu_mix@default,75.00,75.69,108.53,128.37,635.1,635.2,1091.2,614.1
cms-scheel-md5-families-r24-c7-p1-3-6-10-11-14-15,Lingeling@default,96.00,102.56,138.18,157.54,678.9,678.8,1176.9,658.5
cms-scheel-md5-families-r24-c7-p1-3-6-10-11-14-15,Maple_CM@default,32.24,28.36,17.03,19.29,299.1,299.0,437.2,284.3
cms-scheel-md5-families-r24-c7-p1-3-6-10-11-14-15,Maple_CM_Dist@default,35.97,37.79,21.90,27.62,359.2,359.1,543.9,342.6
cms-scheel-md5-families-r24-c7-p1-3-6-10-11-14-15,MapleCOMSPS_LRB_VSIDS_2_fix@LRB_VSIDS_2_drup,28.59,30.12,18.70,22.14,319.6,319.6,481.5,302.7
cms-scheel-md5-families-r24-c7-p1-3-6-10-11-14-15,Maple_LCM+BCrestart@default,39.21,37.42,22.34,27.01,360.8,360.9,554.5,344.3
cms-scheel-md5-families-r24-c7-p1-3-6-10-11-14-15,Maple_LCM+BCrestart_M1@default,22.70,23.01,15.08,15.60,261.2,261.4,382.2,247.8
cms-scheel-md5-families-r24-c7-p1-3-6-10-11-14-15,MapleLCMDistChronoBT@default,25.41,27.39,15.56,18.07,286.5,286.5,410.8,273.7
cms-scheel-md5-families-r24-c7-p1-3-6-10-11-14-15,Maple_LCM_M1@default,26.64,27.76,13.89,18.29,261.4,261.3,363.3,247.7
cms-scheel-md5-families-r24-c7-p1-3-6-10-11-14-15,Maple_LCM_Scavel_200_fix2@default,31.84,30.34,18.05,20.17,301.2,301.2,454.1,286.9
cms-scheel-md5-families-r24-c7-p1-3-6-10-11-14-15,Maple_LCM_Scavel_fix2@default,32.78,27.33,16.84,20.37,293.2,293.4,404.6,279.2
cms-scheel-md5-families-r24-c7-p1-3-6-10-11-14-15,Minisat-v2.2.0-106-ge2dd095@simp_proof,1.74,1.49,1.24,1.56,75.5,76.0,46.0,78.8
cms-scheel-md5-families-r24-c7-p1-3-6-10-11-14-15,Riss7.1-fix@BVE_DRAT,124.51,109.83,164.65,186.09,859.6,859.6,1513.2,839.1
cms-scheel-md5-families-r24-c7-p1-3-6-10-11-14-15,smallsat@default,64.39,54.36,86.88,96.77,504.5,504.6,839.8,488.5
cms-scheel-md5-families-r24-c7-p1-3-6-10-11-14-15,Sparrow2Riss-2018-fixfix@MAIN,109.64,115.95,173.40,183.50,859.6,859.6,1478.4,839.1
cms-scheel-md5-families-r24-c7-p1-3-6-10-11-14-15,varisat@default,49.16,43.10,29.35,33.01,433.5,433.7,705.1,417.3
cz-3-7-7,CaDiCaL@DONTUNZIP-fixed,4936.82,5191.86,4240.71,5424.87,619.3,619.3,1060.3,622.4
cz-3-7-7,Lingeling@default,9251.82,9006.96,8328.75,12339.49,769.1,769.2,1364.2,789.1
dist10.c,CaDiCaL@DONTUNZIP-fixed,597.81,640.24,458.68,621.19,224.5,224.7,311.0,215.0
dist10.c,Lingeling@default,602.55,801.16,480.00,775.58,218.9,219.1,280.0,209.2
dist10.c,Riss7.1-fix@BVE_DRAT,2046.12,2621.17,1695.77,2957.72,274.4,274.5,400.3,261.2
dist10.c,smallsat@default,1828.45,1457.49,1196.62,2052.22,238.3,238.4,322.8,226.9
dist10.c,Sparrow2Riss-2018-fixfix@MAIN,2172.72,2636.36,1739.66,2565.05,274.6,274.5,408.5,261.2
dist4.c,CaDiCaL@DONTUNZIP-fixed,701.33,605.75,519.92,634.38,206.6,206.8,283.4,197.4
dist4.c,abcdsat_r18@default,4372.65,3994.24,3088.46,5305.61,580.0,579.8,967.2,580.9
dist4.c,Lingeling@default,637.98,901.41,445.09,709.06,217.3,217.3,286.2,207.1
dist4.c,smallsat@default,2256.68,1677.85,1223.50,1995.27,254.5,254.6,333.3,242.3
dist5.c,CaDiCaL@DONTUNZIP-fixed,489.10,589.38,415.41,580.07,228.3,228.3,299.9,218.2
dist5.c,abcdsat_r18@default,3748.78,3755.41,2503.08,4513.46,601.7,601.8,1015.5,591.8
dist5.c,Lingeling@default,684.01,753.51,454.91,849.97,234.2,234.3,301.2,223.9
dist5.c,smallsat@default,1627.47,1694.06,1067.37,1989.86,233.4,233.4,333.0,222.0
dist6.c,CaDiCaL@DONTUNZIP-fixed,480.15,529.94,369.25,569.98,221.5,221.6,301.5,212.4
dist6.c,abcdsat_r18@default,2880.04,3179.44,2387.05,4335.06,399.9,399.9,611.9,383.2
dist6.c,Lingeling@default,587.83,699.27,452.33,683.66,239.0,238.8,336.2,228.8
dist6.c,smallsat@default,1312.42,1567.04,1192.09,2135.74,240.6,240.5,319.8,229.3
dist7.c,CaDiCaL@DONTUNZIP-fixed,468.03,563.65,407.64,646.34,228.2,228.3,310.0,218.5
dist7.c,abcdsat_r18@default,2735.64,2923.72,2456.40,3871.52,411.5,411.4,650.2,394.5
dist7.c,Lingeling@default,600.63,738.22,421.35,778.64,226.7,226.8,274.5,216.3
dist7.c,smallsat@default,1688.35,1593.93,1293.20,2112.99,252.5,252.4,355.5,240.7
dist8.c,CaDiCaL@DONTUNZIP-fixed,609.64,794.80,502.99,750.51,244.4,244.4,339.3,233.5
dist8.c,abcdsat_r18@default,6583.04,6526.56,4649.24,9608.18,920.1,920.1,1634.2,906.7
dist8.c,Lingeling@default,746.55,860.84,473.10,823.18,242.8,243.0,310.8,232.6
dist9.c,CaDiCaL@DONTUNZIP-fixed,480.10,542.91,392.71,584.08,235.5,235.5,320.7,225.2
dist9.c,Lingeling@default,596.73,666.42,446.54,624.04,232.7,232.7,322.5,222.5
dist9.c,Riss7.1-fix@BVE_DRAT,2318.22,3169.59,2455.27,3946.59,322.8,322.7,497.0,307.4
dist9.c,smallsat@default,1444.15,1418.94,1281.47,2154.95,237.8,237.9,325.9,226.2
dist9.c,Sparrow2Riss-2018-fixfix@MAIN,2310.94,3143.01,2657.13,3986.39,322.7,322.7,469.9,307.4
ecarev-110-1031-23-40-3,abcdsat_r18@default,41.79,44.82,59.20,67.54,400.0,399.9,644.4,383.5
ecarev-110-1031-23-40-3,Lingeling@default,6.87,7.29,4.99,5.57,132.2,132.2,139.5,123.6
ecarev-110-1031-23-40-3,smallsat@default,6.96,6.68,4.08,5.25,120.1,119.9,128.9,112.1
ecarev-110-1031-23-40-3,Sparrow2Riss-2018-fixfix@MAIN,574.82,606.88,485.65,651.78,1341.3,1340.8,2509.5,1326.9
ecarev-110-1031-23-40-3,varisat@default,94.67,102.93,67.84,80.56,826.9,827.0,1490.3,815.1
e_rphp035_05,CaDiCaL@DONTUNZIP-fixed,8345.69,6960.31,7113.39,10406.87,3087.1,3087.0,5712.0,3285.1
e_rphp035_05,abcdsat_r18@default,2622.52,2721.01,2461.11,4123.86,1346.0,1346.0,2367.0,1401.9
e_rphp035_05,Lingeling@default,12041.60,11667.09,9862.78,14770.10,1818.7,1818.5,3255.4,1956.0
e_rphp035_05,smallsat@default,4276.64,4688.84,5339.92,6237.85,1556.8,1557.1,2749.3,1647.7
e_rphp035_05,varisat@default,2485.54,2777.14,2405.98,3538.90,2402.2,2402.3,4454.5,2454.4
e_rphp055_04,CaDiCaL@DONTUNZIP-fixed,505.23,488.69,430.28,641.30,660.3,660.0,1100.2,668.0
e_rphp055_04,Lingeling@default,1927.08,1650.93,1657.12,2653.16,641.6,641.6,1087.1,655.0
e_rphp055_04,Riss7.1-fix@BVE_DRAT,796.57,760.33,714.06,1073.20,717.7,717.7,1237.8,714.1
e_rphp055_04,Sparrow2Riss-2018-fixfix@MAIN,782.09,911.41,773.53,1111.99,717.8,717.8,1203.8,714.1
e_rphp065_04,CaDiCaL@DONTUNZIP-fixed,755.43,768.71,878.71,1189.57,1116.0,1115.9,1962.9,1124.2
e_rphp065_04,abcdsat_r18@default,7107.69,7280.76,7969.95,10988.38,3203.6,3203.7,6036.7,3214.7
e_rphp065_04,Riss7.1-fix@BVE_DRAT,2205.06,2179.31,2268.63,3130.55,1614.3,1614.2,2973.8,1633.8
e_rphp065_04,Sparrow2Riss-2018-fixfix@MAIN,2160.70,2192.18,2316.03,3110.78,1614.1,1614.1,2961.4,1633.9
e_rphp065_04,varisat@default,1174.65,1095.68,1270.39,1844.32,2114.3,2114.3,3889.8,2120.8
filter1_true-unreach-call.c,CaDiCaL@DONTUNZIP-fixed,183.44,164.79,139.57,129.97,1083.7,1083.7,1707.2,1025.3
filter1_true-unreach-call.c,Riss7.1-fix@BVE_DRAT,53.39,48.06,40.84,41.30,513.4,513.4,765.3,508.5
filter1_true-unreach-call.c,Sparrow2Riss-2018-fixfix@MAIN,60.03,50.76,70.71,68.15,503.7,503.5,743.0,497.8
filter_iir_true-unreach-call.c,CaDiCaL@DONTUNZIP-fixed,462.82,443.41,459.20,529.04,1104.6,1104.3,1760.9,1035.2
filter_iir_true-unreach-call.c,Lingeling@default,187.31,184.79,162.47,185.49,947.2,947.1,1543.7,882.4
filter_iir_true-unreach-call.c,Riss7.1-fix@BVE_DRAT,49.83,51.14,40.11,40.60,507.1,506.7,734.2,474.3
gto_p60c231_1,CaDiCaL@DONTUNZIP-fixed,304.13,308.36,271.15,442.13,264.5,264.5,387.2,253.7
gto_p60c231_1,abcdsat_r18@default,1080.57,1069.02,997.92,1648.99,403.3,403.4,622.9,393.0
gto_p60c231_1,cms55-main-all4fixed@glubreak,343.76,319.80,326.21,465.35,308.5,308.6,458.8,292.9
gto_p60c231_1,GHackCOMSPS_drup@ghack_drup,601.80,602.78,549.21,786.13,464.1,464.3,736.3,461.6
gto_p60c231_1,glucose-3.0_PADC_10@default,2149.96,2058.83,2078.95,2953.78,548.9,548.8,923.4,576.8
gto_p60c231_1,glucose-3.0_PADC_3@default,1956.34,2131.15,1897.67,2827.92,739.9,739.7,1282.2,748.4
gto_p60c231_1,glucose3.0@proofs,1319.65,1236.64,1208.08,1836.98,347.0,346.8,519.0,332.1
gto_p60c231_1,glucose4.2.1@default,848.55,849.91,784.78,1104.47,702.1,702.0,1198.3,686.6
gto_p60c231_1,Glucose_Hack_Kiel_fastBVE@default,1592.13,1459.44,1277.01,2051.84,363.4,363.5,564.0,348.6
gto_p60c231_1,Lingeling@default,234.47,207.53,210.18,332.96,264.1,264.0,377.7,252.8
gto_p60c231_1,Riss7.1-fix@BVE_DRAT,2828.30,2818.74,3010.42,4336.50,520.1,520.4,860.8,542.7
gto_p60c231_1,varisat@default,741.55,767.59,692.55,1008.70,642.8,642.9,1090.3,643.3
gto_p60c231,CaDiCaL@DONTUNZIP-fixed,276.06,282.14,226.63,362.55,258.8,259.0,363.8,246.2
gto_p60c231,abcdsat_r18@default,1253.24,1237.69,1175.45,1893.91,412.4,412.4,634.1,402.1
gto_p60c231,cms55-main-all4fixed@otherconf,432.26,453.84,455.85,656.01,333.1,333.3,503.3,316.4
gto_p60c231,glucose-3.0_PADC_10@default,1800.78,1917.34,1991.95,2643.71,491.9,491.8,782.8,508.6
gto_p60c231,glucose3.0@proofs,1328.51,1347.59,1280.14,2034.66,364.3,364.4,543.1,345.8
gto_p60c231,glucose4.2.1@default,499.41,537.13,506.48,662.11,477.1,476.8,760.0,469.6
gto_p60c231,Lingeling@default,194.28,184.51,173.74,255.15,244.5,244.3,337.7,232.8
gto_p60c231,Riss7.1-fix@BVE_DRAT,2946.59,3129.70,2673.98,4457.25,482.1,482.3,786.2,500.8
gto_p60c231,smallsat@default,1496.92,1382.59,1494.08,2253.53,375.6,375.8,562.8,360.9
gto_p60c231,Sparrow2Riss-2018-fixfix@MAIN,2967.05,2878.80,2682.33,3987.82,482.2,482.1,786.7,500.8
gto_p60c231,varisat@default,440.49,427.84,433.26,576.60,392.6,392.6,620.2,377.6
gto_p60c233,CaDiCaL@DONTUNZIP-fixed,380.20,401.28,346.17,512.51,298.7,298.9,417.6,284.1
gto_p60c233,abcdsat_r18@default,1732.30,1683.44,1548.74,2637.62,550.6,550.7,911.3,567.4
gto_p60c233,cms55-main-all4fixed@otherconf,435.04,453.64,450.33,621.33,356.9,356.8,533.6,339.8
gto_p60c233,glucose-3.0_PADC_10@default,3609.90,3609.63,4600.53,5983.15,753.9,753.9,1294.3,769.3
gto_p60c233,glucose-3.0_PADC_3@default,3463.87,3416.37,3337.02,5124.20,1071.5,1071.2,1896.1,1114.9
gto_p60c233,glucose3.0@proofs,3917.79,4249.46,5200.71,6492.73,608.7,608.6,1015.4,643.7
gto_p60c233,Lingeling@default,324.66,326.53,309.62,464.20,317.8,318.0,463.6,302.4
gto_p60c233,Riss7.1-fix@BVE_DRAT,2674.13,2668.47,3168.09,4084.78,493.7,493.5,792.7,508.1
gto_p60c233,smallsat@default,2141.82,2159.02,2247.80,3411.20,539.2,539.4,902.2,556.1
gto_p60c233,Sparrow2Riss-2018-fixfix@MAIN,2628.37,2658.91,2964.14,4229.00,493.6,493.6,791.2,508.1
gto_p60c234,CaDiCaL@DONTUNZIP-fixed,920.41,845.91,810.73,1091.85,471.4,471.5,746.8,465.7
gto_p60c234,abcdsat_r18@default,2579.89,2431.45,2348.95,3808.61,731.2,731.2,1272.0,734.0
gto_p60c234,cms55-main-all4fixed@main,1162.42,1091.74,1192.60,1633.98,801.9,802.1,1395.8,798.2
gto_p60c234,cms55-main-all4fixed@otherconf,2043.21,1876.37,1952.33,2797.42,837.9,837.6,1456.8,839.1
gto_p60c234,glucose-3.0_PADC_10@default,3997.56,3923.98,4259.37,5630.03,803.4,803.5,1391.2,823.0
gto_p60c234,glucose-3.0_PADC_3@default,4979.68,5151.15,4969.25,7007.36,1396.3,1396.6,2536.6,1464.6
gto_p60c234,glucose3.0@proofs,3284.58,3318.96,3439.41,4606.76,581.2,581.1,977.9,612.0
gto_p60c234,Lingeling@default,348.09,313.99,319.05,464.41,326.5,326.6,494.1,313.1
gto_p60c234,smallsat@default,4301.93,4373.06,4258.07,6629.01,842.3,842.3,1451.2,855.2
gto_p60c234,varisat@default,3615.99,3766.99,3560.65,5194.65,2221.5,2221.5,4128.6,2312.7
gto_p60c235,CaDiCaL@DONTUNZIP-fixed,1187.99,1048.31,940.41,1563.56,552.1,552.1,896.1,566.7
gto_p60c235,abcdsat_r18@default,3674.94,3415.68,3045.89,5189.60,887.1,887.0,1546.6,908.4
gto_p60c235,cms55-main-all4fixed@main,1409.51,1218.10,1149.41,1553.02,781.9,782.0,1345.1,771.0
gto_p60c235,cms55-main-all4fixed@otherconf,1638.01,1752.41,1353.43,1979.84,767.4,767.4,1321.2,762.7
gto_p60c235,Lingeling@default,589.03,689.96,563.05,769.66,477.4,477.4,774.6,465.1
gto_p60c235,smallsat@default,7307.16,7505.33,6556.01,10368.63,1088.4,1088.3,1923.3,1128.5
gto_p60c235,varisat@default,4475.37,3906.48,3701.11,5787.54,2401.0,2401.0,4460.8,2508.6
gto_p60c238,CaDiCaL@DONTUNZIP-fixed,1627.99,1533.54,1406.20,1950.96,731.1,731.2,1282.5,761.4
gto_p60c238,abcdsat_r18@default,4765.35,4872.83,4569.23,7362.09,1045.2,1045.3,1873.7,1089.6
gto_p60c238,Lingeling@default,766.99,771.65,711.56,1147.94,612.9,613.2,1015.3,633.2
gto_p60c238,smallsat@default,5189.14,5084.02,6286.23,8804.00,984.2,984.4,1760.1,1018.4
gto_p60c238,varisat@default,3277.72,3258.28,3214.14,4194.29,2181.1,2181.1,4055.4,2259.5
gto_p60c239,CaDiCaL@DONTUNZIP-fixed,680.84,618.96,577.28,798.14,414.9,414.9,636.8,395.8
gto_p60c239,abcdsat_r18@default,1889.27,1942.41,1867.85,2851.15,626.7,626.8,1042.3,644.4
gto_p60c239,cms55-main-all4fixed@autotune,487.18,489.84,507.84,749.99,419.7,419.7,658.1,412.5
gto_p60c239,cms55-main-all4fixed@main,615.29,619.22,619.38,859.58,528.1,528.1,865.5,540.5
gto_p60c239,GHackCOMSPS_drup@ghack_drup,656.36,651.42,602.61,880.44,500.8,500.7,817.1,495.5
gto_p60c239,glucose-3.0_PADC_3@default,1793.80,1813.09,1622.19,2393.73,720.4,720.2,1250.5,755.1
gto_p60c239,glucose3.0@proofs,1742.75,1834.36,1644.50,2427.01,423.3,423.0,650.4,415.7
gto_p60c239,glucose4.2.1@default,1687.64,1729.68,1650.69,2581.28,431.8,431.9,678.2,425.4
gto_p60c239,Glucose_Hack_Kiel_fastBVE@default,912.57,968.71,940.96,1398.93,320.1,319.8,466.9,302.7
gto_p60c239,Lingeling@default,590.71,627.63,586.69,884.98,477.4,477.4,768.1,474.3
gto_p60c239,Riss7.1-fix@BVE_DRAT,6369.61,5999.04,5796.90,8783.61,807.4,807.4,1411.3,826.3
gto_p60c239,smallsat@default,3028.86,2897.38,2907.37,4220.20,590.3,590.4,974.8,603.3
gto_p60c239,Sparrow2Riss-2018-fixfix@MAIN,6439.94,6301.96,6096.90,9619.14,807.4,807.4,1406.4,826.4
gto_p60c239,varisat@default,1047.00,1025.30,969.55,1377.54,759.4,759.1,1340.4,786.9
gto_p60c241,CaDiCaL@DONTUNZIP-fixed,566.34,563.83,493.65,696.99,374.9,374.8,579.3,358.4
gto_p60c241,abcdsat_r18@default,2889.78,2762.55,3049.69,4657.97,862.8,862.7,1519.8,874.2
gto_p60c241,cms55-main-all4fixed@glubreak,785.70,750.10,812.98,1042.53,542.5,542.6,903.9,557.1
gto_p60c241,cms55-main-all4fixed@main,487.05,473.18,453.93,688.85,437.7,437.9,674.8,427.7
gto_p60c241,cms55-main-all4fixed@otherconf,719.85,755.30,740.60,1039.77,535.2,535.2,889.6,549.9
gto_p60c241,glucose-3.0_PADC_10@default,1326.40,1315.42,1279.14,1797.43,447.8,448.0,701.8,444.2
gto_p60c241,glucose3.0@proofs,1501.49,1522.63,1490.27,2083.89,398.4,398.6,617.8,380.1
gto_p60c241,Glucose_Hack_Kiel_fastBVE@default,1755.48,1880.18,1851.00,2468.83,444.4,444.5,686.7,439.5
gto_p60c241,Lingeling@default,387.29,396.47,385.14,536.01,379.6,379.4,573.8,362.4
gto_p60c241,Riss7.1-fix@BVE_DRAT,6085.67,6434.84,6037.76,10137.52,748.0,747.9,1269.9,762.1
gto_p60c241,smallsat@default,3667.33,3719.92,3854.25,6445.73,749.8,749.9,1305.1,789.8
gto_p60c241,Sparrow2Riss-2018-fixfix@MAIN,5975.62,6014.48,6412.80,10360.01,748.1,748.0,1273.0,762.1
gto_p60c241,varisat@default,690.07,699.33,638.11,906.68,591.6,591.9,983.9,588.1
gto_p60c243,CaDiCaL@DONTUNZIP-fixed,1267.88,1343.26,1142.08,1768.89,668.9,669.1,1162.1,694.8
gto_p60c243,glucose-3.0_PADC_10@default,2387.54,2338.24,2295.43,3250.78,624.2,624.2,1049.9,656.7
gto_p60c243,glucose-3.0_PADC_3@default,3720.07,3646.16,3810.67,5843.62,1157.6,1157.7,2081.7,1193.3
gto_p60c243,glucose3.0@proofs,2286.60,2323.85,2117.15,3191.22,501.3,501.4,810.7,510.7
gto_p60c243,Glucose_Hack_Kiel_fastBVE@default,5749.47,6321.05,5773.92,10056.85,861.4,861.5,1516.1,876.1
gto_p60c243,Lingeling@default,1211.21,1146.19,1040.84,1514.50,691.7,691.8,1200.0,727.5
gto_p60c243,smallsat@default,4428.38,4463.56,4878.38,8556.09,889.2,889.4,1551.8,903.8
gto_p60c243,varisat@default,1416.99,1438.08,1309.67,1815.69,1051.7,1051.6,1889.8,1046.7
huck.col.11,CaDiCaL@DONTUNZIP-fixed,10.89,10.59,9.15,13.99,74.9,75.2,33.4,82.5
huck.col.11,abcdsat_r18@default,866.80,820.74,833.31,1364.16,395.5,395.6,624.4,380.4
huck.col.11,Candy@default,1207.29,1121.14,1210.39,1573.48,387.8,387.9,579.3,372.2
huck.col.11,cms55-main-all4fixed@main,105.64,113.59,110.52,151.42,154.9,154.8,172.5,153.8
huck.col.11,cms55-main-all4fixed@otherconf,113.29,101.64,105.60,150.34,159.7,159.6,189.1,158.4
huck.col.11,COMiniSatPS_Pulsar_drup@drup,427.99,457.46,414.32,607.98,369.8,369.8,561.7,355.8
huck.col.11,expGlucose@default,958.94,991.89,975.48,1346.67,390.1,390.1,601.2,374.3
huck.col.11,GHackCOMSPS_drup@ghack_drup,491.42,494.62,447.65,682.05,379.5,379.4,595.4,365.1
huck.col.11,glucose-3.0_PADC_10@default,1198.47,1260.38,1191.01,1727.79,561.4,561.6,945.3,577.3
huck.col.11,glucose-3.0_PADC_3@default,1433.04,1370.97,1312.87,2022.35,1024.2,1024.1,1822.0,1032.2
huck.col.11,glucose3.0@proofs,998.42,989.40,1040.88,1385.26,392.2,392.2,621.2,376.2
huck.col.11,glucose4.2.1@default,957.80,929.48,1005.24,1342.85,360.6,360.8,556.1,345.1
huck.col.11,Glucose_Hack_Kiel_fastBVE@default,1062.31,1029.47,1035.63,1491.47,392.1,392.3,596.7,376.2
huck.col.11,glu_mix@default,323.90,322.16,319.76,466.69,386.8,386.8,588.2,372.9
huck.col.11,Lingeling@default,51.10,52.06,46.79,58.97,140.7,140.7,169.6,140.2
huck.col.11,Maple_CM_Dist@default,470.01,470.01,398.43,668.83,249.8,249.8,345.3,239.8
huck.col.11,MapleCOMSPS_CHB_VSIDS_drup@CHB_VSIDS_drup,1896.64,1901.12,1915.99,2528.73,1016.6,1016.5,1799.8,1013.3
huck.col.11,MapleCOMSPS_LRB_VSIDS_2_fix@LRB_VSIDS_2_drup,261.39,269.77,225.00,354.38,375.4,375.3,583.1,361.6
huck.col.11,MapleCOMSPS_LRB_VSIDS_drup@LRB_VSIDS_drup,1040.66,984.25,1035.28,1589.06,576.8,576.7,968.6,591.1
huck.col.11,Maple_LCM+BCrestart_M1@default,428.84,457.55,391.58,653.09,231.0,231.1,321.9,221.4
huck.col.11,Maple_LCM_M1@default,428.64,426.22,387.80,638.24,238.7,238.8,322.0,228.5
huck.col.11,Maple_LCM_Scavel_200_fix2@default,433.86,374.06,387.14,581.64,248.0,248.2,361.2,238.6
huck.col.11,Riss7.1-fix@BVE_DRAT,918.33,869.81,873.41,1358.68,381.2,381.2,593.5,365.8
huck.col.11,Sparrow2Riss-2018-fixfix@MAIN,924.04,908.31,897.04,1351.62,381.2,381.2,575.1,366.3
mchess_15,CaDiCaL@DONTUNZIP-fixed,428.77,367.18,376.77,578.42,325.7,325.7,488.4,309.2
mchess_15,abcdsat_r18@default,3460.32,3987.26,3032.61,5264.28,1352.0,1352.0,2341.5,1375.8
mchess_15,Candy@default,1264.45,1304.55,1709.86,2126.61,427.3,427.4,658.8,407.9
mchess_15,COMiniSatPS_Pulsar_drup@drup,661.82,589.11,534.34,782.29,361.4,361.3,541.0,343.7
mchess_15,Lingeling@default,1976.39,2060.41,1652.11,3310.19,677.5,677.8,1155.4,681.2
mchess_15,Maple_CM_ordUIP+@default,3382.18,3767.32,2516.58,4354.85,529.2,529.0,874.7,559.3
mchess_15,Maple_CM_ordUIP@default,3295.78,3334.48,2644.90,4215.95,529.0,529.1,880.4,559.3
mchess_15,MapleCOMSPS_LRB_VSIDS_2_fix@LRB_VSIDS_2_drup,808.22,775.37,719.65,1079.25,475.1,475.3,792.3,481.9
mchess_15,Riss7.1-fix@BVE_DRAT,2971.70,3863.91,2870.75,4314.09,607.7,607.8,1028.3,635.3
mchess_15,smallsat@default,2781.34,3105.77,2406.26,3897.74,855.4,855.5,1397.6,828.8
mchess_15,Sparrow2Riss-2018-fixfix@MAIN,2918.44,3254.02,2980.88,4676.13,607.6,607.8,1003.5,635.3
mchess_15,varisat@default,1234.98,1156.68,1142.76,1672.04,1297.4,1297.5,2328.5,1284.0
mchess_16,CaDiCaL@DONTUNZIP-fixed,270.17,268.30,233.33,356.28,358.3,358.2,539.7,340.8
mchess_16,glucose-3.0_PADC_10@default,7174.51,8092.51,11609.95,13770.57,1536.6,1536.7,2786.7,1562.9
mchess_16,Lingeling@default,3583.90,3823.85,3675.10,5703.90,1039.9,1040.0,1843.5,1080.3
mchess_16,varisat@default,1901.09,1827.27,1937.09,2677.61,1317.6,1317.7,2369.1,1305.9
mchess_18,CaDiCaL@DONTUNZIP-fixed,638.75,671.61,775.75,931.47,812.8,812.9,1390.4,792.3
Nb27T6,CaDiCaL@DONTUNZIP-fixed,492.40,482.66,529.86,490.26,320.9,320.9,462.5,345.1
Nb27T6,abcdsat_r18@default,857.30,845.34,779.30,1053.68,376.6,376.8,591.2,365.8
Nb27T6,cms55-main-all4fixed@glubreak,889.81,810.37,721.50,900.09,497.4,497.6,753.9,490.9
Nb27T6,cms55-main-all4fixed@main,616.84,612.76,539.03,731.66,487.4,487.4,738.4,480.0
Nb27T6,cms55-main-all4fixed@otherconf,736.09,853.69,635.69,920.77,497.9,497.7,734.6,490.0
Nb27T6,COMiniSatPS_Pulsar_drup@drup,275.34,241.09,209.55,296.21,372.9,373.1,572.9,372.2
Nb27T6,expMC_LRB_VSIDS_Switch_2500@default,148.88,156.86,143.42,212.86,359.4,359.3,553.7,355.4
Nb27T6,Lingeling@default,952.99,968.20,829.89,1205.08,384.1,384.4,548.1,407.7
Nb27T6,Maple_CM_Dist@default,288.17,371.72,279.14,351.26,376.5,376.3,577.3,372.7
Nb27T6,Maple_CM_ordUIP+@default,549.77,457.57,472.83,653.45,437.1,437.1,656.2,432.0
Nb27T6,Maple_CM_ordUIP@default,541.07,436.76,390.73,580.86,437.2,437.2,656.2,432.1
Nb27T6,Maple_LCM+BCrestart@default,427.66,466.37,401.66,653.27,405.6,405.8,618.0,403.5
Nb27T6,Maple_LCM+BCrestart_M1@default,261.46,209.84,182.27,292.46,362.3,362.1,557.8,357.6
Nb27T6,Maple_LCM_M1@default,215.31,202.82,174.26,285.33,364.3,364.2,560.8,359.9
Nb27T6,Maple_LCM_Scavel_200_fix2@default,698.65,694.10,528.54,766.79,3276.8,3276.5,6310.0,3273.8
Nb27T6,Maple_LCM_Scavel_fix2@default,773.12,781.14,588.95,902.95,3315.9,3316.2,6393.8,3312.7
Nb27T6,Minisat-v2.2.0-106-ge2dd095@simp_proof,698.08,841.66,784.55,1023.73,337.5,337.2,474.0,355.5
Nb27T6,Riss7.1-fix@BVE_DRAT,1067.30,1048.39,984.87,1521.78,320.4,320.4,456.6,346.3
Nb27T6,smallsat@default,780.10,745.24,693.97,975.27,377.6,377.8,587.2,365.9
Nb27T6,Sparrow2Riss-2018-fixfix@MAIN,1288.43,1012.50,976.47,1393.30,320.7,320.3,456.8,346.3
Nb29T6,CaDiCaL@DONTUNZIP-fixed,511.37,525.73,529.78,755.70,385.0,384.9,566.3,380.4
Nb29T6,abcdsat_r18@default,2758.04,2863.94,2094.50,2681.83,519.4,519.5,802.0,507.6
Nb29T6,Candy@default,565.84,448.60,505.17,604.66,350.0,349.8,504.4,373.8
Nb29T6,cms55-main-all4fixed@autotune,1281.79,1035.44,1000.06,1634.52,633.2,633.7,972.8,628.7
Nb29T6,cms55-main-all4fixed@glubreak,923.99,1069.45,941.30,1333.55,595.1,595.5,889.9,591.4
Nb29T6,cms55-main-all4fixed@main,1475.47,1405.25,1055.69,1447.60,619.3,618.8,936.7,615.4
Nb29T6,cms55-main-all4fixed@otherconf,1047.31,863.66,759.22,1261.84,589.6,588.7,880.7,584.0
Nb29T6,COMiniSatPS_Pulsar_drup@drup,161.46,158.59,158.42,222.40,428.0,428.0,652.1,422.2
Nb29T6,expMC_LRB_VSIDS_Switch_2500@default,157.82,171.02,157.96,221.03,428.3,428.6,653.6,422.6
Nb29T6,expMC_VSIDS_LRB_Switch_2500@default,374.80,365.08,370.42,477.78,575.2,575.1,854.1,571.9
Nb29T6,Lingeling@default,1255.76,1173.21,1106.89,1414.62,416.5,416.3,604.5,412.4
Nb29T6,Maple_CM_ordUIP+@default,514.63,501.95,548.03,925.16,507.4,507.4,758.9,502.0
Nb29T6,Maple_CM_ordUIP@default,488.73,477.02,401.50,620.18,507.3,507.3,758.9,502.1
Nb29T6,MapleCOMSPS_CHB_VSIDS_drup@CHB_VSIDS_drup,300.88,289.16,404.26,404.04,494.3,494.4,742.5,490.4
Nb29T6,MapleCOMSPS_LRB_VSIDS_2_fix@LRB_VSIDS_2_drup,304.00,273.43,237.48,347.60,487.7,487.5,736.3,485.3
Nb29T6,MapleCOMSPS_LRB_VSIDS_drup@LRB_VSIDS_drup,356.03,301.12,346.03,395.54,500.9,501.2,752.5,499.1
Nb29T6,Maple_LCM+BCrestart@default,244.72,309.63,240.05,347.60,444.7,445.1,676.4,440.6
Nb29T6,Maple_LCM+BCrestart_M1@default,220.18,263.39,209.45,303.25,433.0,432.8,658.7,426.5
Nb29T6,MapleLCMDistChronoBT@default,294.23,229.04,194.31,297.44,444.5,444.9,674.6,439.2
Nb29T6,Maple_LCM_M1@default,308.70,261.98,231.39,293.28,439.5,439.8,669.1,435.0
Nb29T6,Maple_LCM_Scavel_200_fix2@default,234.12,211.88,212.21,311.56,441.8,442.0,669.6,435.6
Nb29T6,Maple_LCM_Scavel_fix2@default,265.90,279.79,238.83,328.28,438.9,439.4,664.9,431.5
Nb29T6,Riss7.1-fix@BVE_DRAT,1499.21,1680.85,1364.03,2337.15,377.2,377.1,531.7,410.2
Nb29T6,smallsat@default,759.72,708.38,664.86,841.47,443.3,443.6,671.0,428.5
Nb29T6,Sparrow2Riss-2018-fixfix@MAIN,1364.45,1670.80,1444.20,2258.28,377.5,377.0,532.0,410.2
Nb37T6,CaDiCaL@DONTUNZIP-fixed,674.38,620.53,549.50,802.07,668.2,668.0,965.9,656.1
Nb37T6,abcdsat_r18@default,1993.06,1686.88,1564.57,2113.08,879.1,877.7,1338.8,840.2
Nb37T6,cms55-main-all4fixed@glubreak,1277.02,1250.88,1162.34,1592.84,1127.5,1127.8,1685.0,1099.0
Nb37T6,cms55-main-all4fixed@otherconf,1055.52,1108.99,982.81,1345.27,1108.4,1109.3,1659.1,1077.9
Nb37T6,COMiniSatPS_Pulsar_drup@drup,212.68,213.44,185.66,266.61,817.2,818.1,1251.9,801.6
Nb37T6,expMC_LRB_VSIDS_Switch@default,404.43,469.19,374.26,531.64,902.3,902.5,1372.1,893.2
Nb37T6,glucose-3.0_PADC_10@default,516.91,475.73,507.85,708.59,634.1,634.2,924.3,614.1
Nb37T6,Maple_CM_ordUIP+@default,472.05,471.23,503.99,650.50,867.6,867.7,1324.5,856.4
Nb37T6,Maple_CM_ordUIP@default,434.88,514.08,441.09,664.69,866.9,867.0,1321.9,854.4
Nb37T6,MapleCOMSPS_CHB_VSIDS_drup@CHB_VSIDS_drup,530.98,466.91,403.62,600.09,887.3,886.9,1346.3,875.3
Nb37T6,MapleCOMSPS_LRB_VSIDS_drup@LRB_VSIDS_drup,561.82,514.39,455.08,695.87,922.7,923.0,1400.1,911.0
Nb37T6,Maple_LCM+BCrestart@default,383.14,377.24,349.22,543.26,846.5,846.3,1295.8,834.3
Nb37T6,Maple_LCM+BCrestart_M1@default,425.82,385.13,366.02,527.43,849.6,849.4,1297.7,835.2
Nb37T6,MapleLCMDistChronoBT@default,499.29,509.04,473.46,691.34,883.2,882.4,1340.9,870.3
Nb37T6,Maple_LCM_M1@default,374.74,370.68,371.71,523.73,851.4,851.4,1299.5,835.9
Nb37T6,Maple_LCM_Scavel_200_fix2@default,370.19,404.07,367.89,505.43,859.1,858.3,1304.5,843.3
Nb37T6,Maple_LCM_Scavel_fix2@default,340.52,353.21,324.20,424.30,847.5,847.3,1290.1,831.8
Nb37T6,Minisat-v2.2.0-106-ge2dd095@simp_proof,1206.66,1197.95,1381.97,1746.88,705.0,704.8,991.6,682.6
Nb37T6,Riss7.1-fix@BVE_DRAT,2299.02,2479.74,2347.13,3605.08,647.1,646.7,924.6,645.4
Nb37T6,smallsat@default,1237.72,1309.30,1356.22,1564.66,862.7,864.1,1330.7,825.6
Nb37T6,Sparrow2Riss-2018-fixfix@MAIN,2587.50,2480.46,2376.19,3471.08,647.3,646.5,924.5,645.5
Nb39T6,CaDiCaL@DONTUNZIP-fixed,1154.66,1006.56,852.19,1148.03,796.6,795.5,1180.5,782.0
Nb39T6,cms55-main-all4fixed@autotune,1520.11,1357.46,1167.04,1576.98,1282.1,1281.7,1894.9,1255.9
Nb39T6,cms55-main-all4fixed@glubreak,1964.74,1901.00,1574.85,2252.83,1321.8,1325.4,2009.0,1303.8
Nb39T6,cms55-main-all4fixed@otherconf,1891.56,1710.27,1515.49,2157.55,1312.9,1313.6,2017.2,1285.4
Nb39T6,COMiniSatPS_Pulsar_drup@drup,305.44,291.80,259.21,356.39,957.6,958.1,1462.4,938.2
Nb39T6,expMC_LRB_VSIDS_Switch_2500@default,424.09,406.17,349.19,466.34,984.6,985.3,1497.8,964.0
Nb39T6,expMC_LRB_VSIDS_Switch@default,472.80,486.01,394.57,573.34,1031.0,1030.5,1559.1,1015.1
Nb39T6,expMC_VSIDS_LRB_Switch_2500@default,505.97,492.30,404.97,559.70,1039.9,1039.9,1578.1,1026.6
Nb39T6,glucose-3.0_PADC_10@default,1102.55,1020.28,904.54,1217.06,779.8,779.9,1160.1,757.8
Nb39T6,glucose4.2.1@default,622.46,600.05,481.40,650.65,735.2,735.0,1099.9,711.2
Nb39T6,Maple_CM@default,464.18,455.73,397.17,562.24,977.1,977.3,1483.3,955.4
Nb39T6,Maple_CM_Dist@default,516.89,473.68,452.71,630.52,975.2,975.6,1481.3,956.2
Nb39T6,Maple_CM_ordUIP+@default,578.11,536.44,462.46,712.67,1001.3,1001.5,1514.8,981.3
Nb39T6,Maple_CM_ordUIP@default,562.62,524.66,456.45,697.40,1000.2,1000.6,1513.8,983.9
Nb39T6,MapleCOMSPS_CHB_VSIDS_drup@CHB_VSIDS_drup,422.01,439.72,376.44,520.26,1001.9,1001.2,1516.6,983.2
Nb39T6,MapleCOMSPS_LRB_VSIDS_2_fix@LRB_VSIDS_2_drup,392.84,385.74,354.28,490.93,1007.0,1006.4,1527.8,988.4
Nb39T6,Maple_LCM+BCrestart@default,465.02,466.09,401.59,550.69,979.9,979.1,1488.0,959.8
Nb39T6,Maple_LCM+BCrestart_M1@default,436.34,418.47,356.02,532.37,973.4,973.8,1480.6,953.7
Nb39T6,MapleLCMDistChronoBT@default,329.37,316.95,287.32,407.73,973.1,973.6,1478.2,950.5
Nb39T6,Maple_LCM_M1@default,418.91,406.66,354.04,637.85,975.8,975.4,1484.9,954.7
Nb39T6,Maple_LCM_Scavel_200_fix2@default,448.58,503.73,446.41,598.11,1002.3,1002.3,1516.8,984.3
Nb39T6,Maple_LCM_Scavel_fix2@default,413.53,414.45,376.18,545.45,994.9,994.9,1505.9,974.6
Nb39T6,Riss7.1-fix@BVE_DRAT,1628.43,1618.86,1520.84,2147.67,703.7,703.7,993.9,695.3
Nb39T6,smallsat@default,1756.36,1982.61,1638.97,2310.83,1018.0,1017.9,1525.3,972.6
Nb39T6,Sparrow2Riss-2018-fixfix@MAIN,1561.29,1597.84,1437.58,1844.54,703.8,704.0,993.8,695.2
Nb42T6,CaDiCaL@DONTUNZIP-fixed,883.91,1153.03,915.04,1055.26,946.1,946.5,1394.4,925.0
Nb42T6,abcdsat_r18@default,2844.42,2937.32,2801.29,3719.51,1254.3,1256.4,1878.7,1205.7
Nb42T6,cms55-main-all4fixed@glubreak,1603.70,1806.03,1428.76,2047.30,1589.1,1587.4,2368.1,1547.4
Nb42T6,cms55-main-all4fixed@main,2333.10,2295.15,1703.39,2457.71,1614.3,1617.1,2408.7,1575.3
Nb42T6,COMiniSatPS_Pulsar_drup@drup,358.29,364.05,353.13,510.26,1186.9,1186.8,1792.0,1160.8
Nb42T6,expMC_LRB_VSIDS_Switch_2500@default,470.07,455.87,430.11,708.32,1213.4,1213.9,1830.9,1190.3
Nb42T6,expMC_LRB_VSIDS_Switch@default,535.21,514.37,514.40,659.35,1237.0,1237.6,1861.8,1214.3
Nb42T6,expMC_VSIDS_LRB_Switch_2500@default,493.52,466.50,525.27,621.41,1259.6,1259.2,1894.6,1234.8
Nb42T6,Maple_CM@default,437.41,442.22,493.68,579.71,1199.0,1199.3,1806.8,1170.6
Nb42T6,Maple_CM_Dist@default,435.44,418.36,443.52,514.67,1183.0,1182.6,1788.4,1155.1
Nb42T6,Maple_CM_ordUIP+@default,501.84,489.61,469.31,777.64,1241.2,1242.2,1869.1,1216.8
Nb42T6,Maple_CM_ordUIP@default,640.51,683.54,538.98,886.90,1267.3,1267.9,1907.6,1246.6
Nb42T6,MapleCOMSPS_CHB_VSIDS_drup@CHB_VSIDS_drup,768.13,869.65,734.89,912.33,1270.6,1270.6,1904.8,1249.0
Nb42T6,MapleCOMSPS_LRB_VSIDS_2_fix@LRB_VSIDS_2_drup,590.76,641.93,565.37,746.49,1265.2,1264.7,1902.6,1243.4
Nb42T6,MapleCOMSPS_LRB_VSIDS_drup@LRB_VSIDS_drup,615.61,656.46,593.67,775.45,1273.2,1271.0,1910.9,1252.7
Nb42T6,Maple_LCM+BCrestart_M1@default,422.75,397.90,411.89,555.33,1198.0,1198.2,1810.2,1171.2
Nb42T6,Maple_LCM_M1@default,498.32,498.02,471.53,666.00,1201.8,1201.7,1813.2,1171.4
Nb42T6,Maple_LCM_Scavel_fix2@default,463.71,470.66,480.16,620.60,1198.9,1199.0,1806.6,1171.6
Nb42T6,smallsat@default,2763.59,2787.03,2218.69,2882.91,1257.1,1257.3,1872.8,1205.7
Nb44T6,abcdsat_r18@default,3614.49,3821.93,3687.23,4354.88,1455.3,1455.3,2182.8,1387.0
Nb44T6,cms55-main-all4fixed@glubreak,1837.37,2275.87,1630.55,2453.34,1815.8,1816.8,2681.6,1792.0
Nb44T6,cms55-main-all4fixed@main,2002.13,2430.24,1872.94,2904.50,1831.8,1829.3,2673.8,1799.4
Nb44T6,cms55-main-all4fixed@otherconf,1838.91,2334.42,1848.67,2647.78,1827.0,1825.5,2706.5,1807.4
Nb44T6,expMC_LRB_VSIDS_Switch_2500@default,502.91,462.52,558.22,681.50,1371.6,1371.7,2129.9,1350.4
Nb44T6,expMC_VSIDS_LRB_Switch_2500@default,536.37,501.18,507.77,697.93,1423.7,1424.7,2199.2,1399.4
Nb44T6,Maple_CM@default,611.20,556.79,604.57,894.41,1382.4,1381.4,2136.9,1354.9
Nb44T6,Maple_CM_Dist@default,478.85,460.34,512.44,692.82,1363.7,1366.3,2113.8,1337.3
Nb44T6,Maple_CM_ordUIP@default,569.55,533.32,674.32,1005.29,1386.7,1387.8,2145.6,1359.3
Nb44T6,MapleCOMSPS_LRB_VSIDS_2_fix@LRB_VSIDS_2_drup,672.30,627.82,675.05,921.37,1440.9,1440.9,2219.1,1417.5
Nb44T6,Maple_LCM+BCrestart@default,468.16,422.73,527.61,759.84,1360.4,1360.2,2106.5,1332.0
Nb44T6,Maple_LCM+BCrestart_M1@default,733.64,669.30,672.52,1036.32,1399.7,1400.3,2160.1,1373.4
Nb44T6,MapleLCMDistChronoBT@default,450.60,426.68,439.98,568.37,1362.5,1362.8,2110.0,1332.0
Nb44T6,Maple_LCM_Scavel_200_fix2@default,625.83,598.17,621.19,831.81,1399.1,1398.6,2157.5,1375.2
Nb44T6,Maple_LCM_Scavel_fix2@default,526.02,518.89,692.99,918.47,1390.8,1391.0,2142.5,1361.4
Nb44T6,smallsat@default,3634.27,4054.70,3911.14,4434.39,1455.3,1456.4,2179.6,1389.5
Nb45T6,CaDiCaL@DONTUNZIP-fixed,1088.73,936.41,787.74,1060.74,1124.1,1124.3,1639.7,1098.1
Nb45T6,abcdsat_r18@default,3085.87,2964.07,2190.53,3183.10,1510.9,1515.1,2396.9,1452.1
Nb45T6,cms55-main-all4fixed@main,2859.05,2704.87,2048.54,3322.51,1947.6,1944.3,2980.4,1904.0
Nb45T6,COMiniSatPS_Pulsar_drup@drup,422.25,392.25,385.32,506.99,1427.5,1428.1,2206.6,1397.0
Nb45T6,expMC_LRB_VSIDS_Switch@default,705.97,835.30,535.54,805.50,1519.7,1519.1,2324.0,1491.6
Nb45T6,expMC_VSIDS_LRB_Switch_2500@default,843.15,613.06,576.12,770.16,1512.5,1512.7,2320.2,1488.3
Nb45T6,Maple_CM@default,487.05,508.15,445.15,561.96,1448.6,1447.5,2224.6,1417.9
Nb45T6,Maple_CM_ordUIP+@default,703.16,776.38,660.78,955.53,1499.6,1500.6,2297.5,1477.3
Nb45T6,Maple_CM_ordUIP@default,714.78,664.42,675.52,1009.50,1497.8,1496.6,2292.2,1470.1
Nb45T6,MapleCOMSPS_LRB_VSIDS_2_fix@LRB_VSIDS_2_drup,618.34,615.95,549.20,757.62,1507.7,1508.2,2309.1,1482.0
Nb45T6,MapleCOMSPS_LRB_VSIDS_drup@LRB_VSIDS_drup,616.04,609.24,551.13,757.67,1521.2,1521.1,2324.8,1495.5
Nb45T6,Maple_LCM+BCrestart@default,624.54,566.04,529.18,708.60,1472.4,1472.8,2254.9,1442.8
Nb45T6,Maple_LCM+BCrestart_M1@default,677.29,722.35,613.30,906.70,1475.7,1475.3,2260.2,1447.2
Nb45T6,Maple_LCM_Scavel_200_fix2@default,576.24,609.67,460.11,639.31,1475.1,1475.9,2254.9,1438.5
Nb45T6,Maple_LCM_Scavel_fix2@default,560.15,542.07,453.00,646.90,1473.5,1473.4,2251.9,1438.0
Nb45T6,smallsat@default,2832.26,2928.21,2378.07,3709.38,1515.2,1509.1,2417.6,1459.4
Nb49T6,CaDiCaL@DONTUNZIP-fixed,1515.55,1563.02,1444.60,2116.88,1454.8,1454.9,2190.5,1431.3
Nb49T6,abcdsat_r18@default,2731.76,2681.71,2492.86,3937.56,1939.8,1939.7,2938.3,1839.8
Nb49T6,expMC_LRB_VSIDS_Switch_2500@default,755.35,758.44,726.24,986.01,1913.4,1913.1,2906.5,1876.0
Nb49T6,expMC_VSIDS_LRB_Switch_2500@default,732.55,760.82,665.43,900.34,1912.0,1911.4,2906.5,1877.1
Nb49T6,Maple_CM@default,729.55,779.35,668.76,960.00,1883.0,1882.4,2860.7,1843.2
Nb49T6,Maple_CM_Dist@default,757.35,720.14,671.13,1068.41,1910.1,1909.2,2897.5,1869.0
Nb49T6,Maple_CM_ordUIP+@default,746.72,722.46,650.18,920.04,1904.0,1904.3,2891.4,1865.6
Nb49T6,Maple_CM_ordUIP@default,695.37,687.06,607.60,896.37,1898.5,1899.4,2880.9,1858.0
Nb49T6,MapleCOMSPS_LRB_VSIDS_drup@LRB_VSIDS_drup,847.06,832.22,835.68,1185.81,1946.7,1946.2,2948.4,1912.1
Nb49T6,Maple_LCM+BCrestart@default,656.54,666.40,640.16,981.38,1873.8,1873.1,2849.0,1830.3
Nb49T6,Maple_LCM+BCrestart_M1@default,687.96,638.04,590.70,826.95,1882.0,1882.1,2856.2,1835.6
Nb49T6,MapleLCMDistChronoBT@default,784.34,798.87,799.47,1092.07,1909.9,1909.5,2891.9,1872.7
Nb49T6,Maple_LCM_M1@default,820.75,797.34,791.02,1081.59,1909.6,1910.4,2900.5,1873.8
Nb49T6,Maple_LCM_Scavel_200_fix2@default,640.27,617.53,587.53,780.11,1871.1,1870.1,2836.4,1824.5
Nb49T6,Maple_LCM_Scavel_fix2@default,676.46,687.68,664.30,962.34,1862.1,1861.9,2832.9,1823.0
Nb49T6,smallsat@default,2581.10,2947.57,2564.61,3746.40,1930.4,1931.0,2961.5,1846.1
Nb51T6,COMiniSatPS_Pulsar_drup@drup,674.92,616.43,551.14,733.82,2052.2,2051.9,3122.3,2001.4
Nb51T6,expMC_LRB_VSIDS_Switch_2500@default,1012.10,908.66,766.46,1017.41,2121.4,2122.0,3212.0,2074.0
Nb51T6,expMC_LRB_VSIDS_Switch@default,997.68,858.89,829.87,1111.48,2138.6,2139.5,3246.3,2092.6
Nb51T6,Maple_CM@default,1099.48,960.23,873.38,1249.15,2125.3,2125.8,3223.4,2078.2
Nb51T6,Maple_CM_Dist@default,906.89,820.82,691.28,1015.00,2098.3,2098.5,3183.8,2045.5
Nb51T6,Maple_CM_ordUIP+@default,890.08,881.73,720.45,1034.36,2106.4,2107.2,3194.2,2054.1
Nb51T6,Maple_CM_ordUIP@default,956.79,778.78,737.32,1122.82,2113.2,2113.8,3197.3,2060.9
Nb51T6,MapleCOMSPS_LRB_VSIDS_2_fix@LRB_VSIDS_2_drup,910.91,827.89,800.91,1080.02,2143.5,2142.1,3250.6,2093.8
Nb51T6,MapleCOMSPS_LRB_VSIDS_drup@LRB_VSIDS_drup,962.14,844.30,854.35,1103.01,2160.5,2160.4,3271.9,2119.0
Nb51T6,Maple_LCM+BCrestart@default,1106.91,905.90,889.37,1218.50,2125.1,2126.6,3219.8,2075.1
Nb51T6,Maple_LCM+BCrestart_M1@default,983.69,837.88,816.63,1041.08,2112.0,2112.2,3203.3,2057.9
Nb51T6,MapleLCMDistChronoBT@default,869.02,797.20,747.38,1124.88,2116.0,2116.5,3204.3,2062.4
Nb51T6,Maple_LCM_M1@default,818.96,781.77,771.99,1002.27,2112.5,2112.0,3207.6,2064.4
Nb51T6,Maple_LCM_Scavel_fix2@default,774.93,658.29,704.34,859.01,2097.0,2096.7,3178.1,2043.5
Nb51T6,smallsat@default,12626.72,11217.01,11368.78,14531.49,2308.2,2319.1,3504.5,2209.4
Nb52T6,abcdsat_r18@default,4806.02,4353.90,4542.66,5651.38,2325.6,2326.3,3491.1,2216.4
Nb52T6,COMiniSatPS_Pulsar_drup@drup,774.40,717.37,668.28,872.32,2175.8,2177.5,3298.2,2123.3
Nb52T6,expMC_LRB_VSIDS_Switch_2500@default,883.26,823.36,810.11,1029.16,2233.6,2233.7,3386.6,2180.5
Nb52T6,expMC_LRB_VSIDS_Switch@default,958.81,915.93,872.10,1075.94,2266.8,2264.6,3434.9,2217.8
Nb52T6,expMC_VSIDS_LRB_Switch_2500@default,939.49,964.08,856.76,1126.33,2250.6,2250.7,3425.4,2197.0
Nb52T6,Maple_CM@default,924.40,948.49,858.61,1123.32,2225.2,2222.4,3367.1,2165.7
Nb52T6,Maple_CM_ordUIP+@default,877.34,772.32,735.34,1069.36,2233.6,2232.8,3383.0,2172.5
Nb52T6,Maple_CM_ordUIP@default,828.53,901.89,794.96,1094.99,2232.9,2232.9,3382.9,2174.2
Nb52T6,MapleCOMSPS_LRB_VSIDS_2_fix@LRB_VSIDS_2_drup,805.13,817.45,735.66,928.57,2231.1,2231.3,3382.2,2175.6
Nb52T6,Maple_LCM+BCrestart@default,746.05,693.08,704.10,959.19,2191.4,2191.9,3326.9,2132.2
Nb52T6,Maple_LCM+BCrestart_M1@default,782.02,717.09,739.43,931.35,2195.0,2195.0,3326.3,2140.8
Nb52T6,MapleLCMDistChronoBT@default,925.12,908.63,932.08,1306.01,2250.5,2249.4,3412.1,2206.1
Nb52T6,Maple_LCM_M1@default,849.98,852.62,845.97,1117.84,2218.4,2217.3,3358.8,2159.2
Nb52T6,Maple_LCM_Scavel_200_fix2@default,755.29,752.99,756.13,1041.66,2214.5,2213.5,3357.1,2158.9
Nb52T6,Maple_LCM_Scavel_fix2@default,759.83,715.86,693.49,985.03,2222.6,2218.7,3360.9,2164.6
Nb52T6,smallsat@default,4521.38,4326.29,4346.04,7533.51,2317.9,2328.4,3471.3,2216.0
Nb54T6,abcdsat_r18@default,5039.29,4735.26,4129.89,7759.11,2558.1,2556.6,3839.9,2467.5
Nb54T6,COMiniSatPS_Pulsar_drup@drup,839.01,814.83,841.04,1031.71,2426.4,2426.3,3733.5,2400.2
Nb54T6,MapleCOMSPS_LRB_VSIDS_2_fix@LRB_VSIDS_2_drup,981.29,1001.61,945.45,1368.60,2509.5,2510.4,3939.3,2467.8
Nb54T6,MapleCOMSPS_LRB_VSIDS_drup@LRB_VSIDS_drup,889.09,899.97,888.77,1128.89,2480.5,2481.0,3801.6,2461.7
Nb54T6,Maple_LCM+BCrestart@default,982.68,966.04,936.26,1256.03,2477.2,2479.2,3758.4,2430.5
Nb54T6,MapleLCMDistChronoBT@default,1020.11,1091.92,1050.94,1311.08,2473.0,2472.7,3781.8,2444.9
Nb54T6,Maple_LCM_M1@default,1049.74,1082.92,1067.12,1497.02,2462.7,2463.2,3777.4,2438.5
Nb54T6,smallsat@default,4495.61,4609.44,4201.68,5235.74,2573.1,2547.0,3837.4,2462.1
newton_3_4_true-unreach-call.i,Lingeling@default,101.23,100.73,86.55,95.74,280.4,280.4,429.8,285.8
newton_3_4_true-unreach-call.i,Riss7.1-fix@BVE_DRAT,40.83,42.90,38.12,43.48,190.2,190.5,246.9,192.8
newton_3_4_true-unreach-call.i,Sparrow2Riss-2018-fixfix@MAIN,43.21,42.37,37.18,42.92,190.3,190.3,241.7,192.7
newton_3_4_true-unreach-call.i,varisat@default,116.76,119.65,139.91,166.90,596.2,596.3,1040.7,592.7
pals_lcr.8_overflow_false-unreach-call.ufo.UNBOUNDED.pals.c,CaDiCaL@DONTUNZIP-fixed,3522.68,5487.52,1312.29,2550.34,749.1,749.3,1334.3,744.4
pals_lcr.8_overflow_false-unreach-call.ufo.UNBOUNDED.pals.c,abcdsat_r18@default,10476.20,12015.74,3646.80,6250.95,1035.3,1035.1,1917.2,1061.8
pals_lcr.8_overflow_false-unreach-call.ufo.UNBOUNDED.pals.c,Lingeling@default,9657.31,11732.30,4211.39,6889.89,977.1,977.3,1791.7,993.3
pals_lcr.8_overflow_false-unreach-call.ufo.UNBOUNDED.pals.c,Riss7.1-fix@BVE_DRAT,2486.90,4126.08,1404.90,2485.85,481.2,464.0,781.1,453.8
pals_lcr.8_overflow_false-unreach-call.ufo.UNBOUNDED.pals.c,Sparrow2Riss-2018-fixfix@MAIN,2548.76,4223.39,1313.04,2240.30,481.6,464.1,771.1,453.8
pals_lcr-var-start-time.5_true-unreach-call.ufo.UNBOUNDED.pals.c,CaDiCaL@DONTUNZIP-fixed,487.39,756.27,182.23,376.15,187.8,187.7,223.8,177.2
pals_lcr-var-start-time.5_true-unreach-call.ufo.UNBOUNDED.pals.c,abcdsat_r18@default,1909.40,2084.58,836.39,1632.10,208.2,208.2,295.6,195.2
pals_lcr-var-start-time.5_true-unreach-call.ufo.UNBOUNDED.pals.c,Lingeling@default,670.54,562.72,240.73,391.79,188.2,188.4,244.2,175.2
pals_lcr-var-start-time.5_true-unreach-call.ufo.UNBOUNDED.pals.c,Riss7.1-fix@BVE_DRAT,1257.05,1800.76,777.10,1461.27,245.6,245.7,341.8,232.7
pals_lcr-var-start-time.5_true-unreach-call.ufo.UNBOUNDED.pals.c,smallsat@default,1385.54,1470.25,642.30,1444.94,230.1,229.9,319.7,217.2
pals_lcr-var-start-time.5_true-unreach-call.ufo.UNBOUNDED.pals.c,Sparrow2Riss-2018-fixfix@MAIN,1211.38,1624.92,805.89,1575.60,245.5,245.6,326.8,232.6
pals_lcr-var-start-time.6_true-unreach-call.ufo.UNBOUNDED.pals.c,CaDiCaL@DONTUNZIP-fixed,1654.86,1962.52,730.42,1664.58,343.1,343.0,534.8,326.1
pals_lcr-var-start-time.6_true-unreach-call.ufo.UNBOUNDED.pals.c,abcdsat_r18@default,16552.51,12369.68,6406.80,12387.27,1074.7,1074.4,1938.2,1067.3
pals_lcr-var-start-time.6_true-unreach-call.ufo.UNBOUNDED.pals.c,Lingeling@default,2000.10,3159.31,1202.92,2008.01,410.7,410.9,631.6,392.7
pals_lcr-var-start-time.6_true-unreach-call.ufo.UNBOUNDED.pals.c,Riss7.1-fix@BVE_DRAT,4321.29,4590.17,2886.94,3714.99,482.9,482.8,780.2,472.4
pals_lcr-var-start-time.6_true-unreach-call.ufo.UNBOUNDED.pals.c,smallsat@default,6389.58,4838.94,2192.10,4124.40,378.6,378.5,594.2,361.6
pals_lcr-var-start-time.6_true-unreach-call.ufo.UNBOUNDED.pals.c,Sparrow2Riss-2018-fixfix@MAIN,3096.93,3376.98,1716.22,2987.91,449.3,449.3,697.8,432.8
prime_119218851371,CaDiCaL@DONTUNZIP-fixed,218.56,269.95,198.72,336.51,140.2,140.3,147.8,135.4
prime_119218851371,abcdsat_r18@default,610.73,597.99,560.74,753.23,297.5,297.5,425.3,282.1
prime_119218851371,Lingeling@default,492.17,567.30,450.02,584.81,181.1,181.2,218.7,173.5
prime_119218851371,Riss7.1-fix@BVE_DRAT,446.90,471.63,391.54,619.99,149.8,149.5,167.0,146.2
prime_119218851371,smallsat@default,915.47,909.06,906.83,1290.47,367.1,367.1,551.0,348.0
prime_119218851371,varisat@default,931.19,889.03,767.05,1053.37,233.4,233.4,327.5,224.0
prime_200560490131,CaDiCaL@DONTUNZIP-fixed,664.80,688.98,582.00,837.03,227.4,227.4,320.2,216.1
prime_200560490131,abcdsat_r18@default,1546.27,2312.16,2251.68,2195.27,564.1,564.2,918.6,539.4
prime_200560490131,Lingeling@default,476.27,466.10,386.64,608.10,182.8,182.8,242.1,171.9
prime_200560490131,smallsat@default,1521.54,2129.04,1405.34,2205.53,530.5,530.5,870.3,506.2
prime_200560490131,Sparrow2Riss-2018-fixfix@MAIN,642.84,617.26,513.01,739.62,177.1,177.0,238.1,170.5
prime_200560490131,varisat@default,1688.55,2794.94,1595.90,2013.68,427.6,427.6,696.0,413.3
Problem14_label19_true-unreach-call.c,CaDiCaL@DONTUNZIP-fixed,3559.16,2192.47,68.48,1020.77,806.8,744.1,1122.7,710.3
Problem14_label19_true-unreach-call.c,abcdsat_r18@default,2209.84,2058.21,168.44,723.66,1014.9,900.3,1402.5,842.7
Problem14_label19_true-unreach-call.c,Lingeling@default,622.57,428.87,55.04,115.10,570.7,564.2,812.3,513.1
Problem14_label19_true-unreach-call.c,Riss7.1-fix@BVE_DRAT,4215.10,1236.09,108.03,396.07,1201.5,773.8,1216.9,752.8
Problem14_label19_true-unreach-call.c,smallsat@default,576.57,464.73,79.19,201.24,1009.3,1005.9,1522.5,943.4
Problem14_label19_true-unreach-call.c,Sparrow2Riss-2018-fixfix@MAIN,4391.54,1570.86,125.16,587.82,1106.7,841.4,1305.4,822.3
Problem14_label20_true-unreach-call.c,CaDiCaL@DONTUNZIP-fixed,3567.78,47.22,40.97,30.59,738.1,707.2,978.9,665.1
Problem14_label20_true-unreach-call.c,abcdsat_r18@default,1042.31,1297.54,95.58,578.44,1237.1,1231.2,1801.4,1146.9
Problem14_label20_true-unreach-call.c,cms55-main-all4fixed@autotune,144.53,24.83,31.14,20.06,686.2,685.9,937.0,643.3
Problem14_label20_true-unreach-call.c,cms55-main-all4fixed@glubreak,131.54,26.93,27.89,20.72,686.3,686.1,936.7,643.6
Problem14_label20_true-unreach-call.c,cms55-main-all4fixed@main,134.08,29.99,31.76,23.36,686.3,685.9,936.9,643.4
Problem14_label20_true-unreach-call.c,cms55-main-all4fixed@otherconf,140.38,26.87,31.80,22.56,686.0,685.9,936.9,643.3
Problem14_label20_true-unreach-call.c,COMiniSatPS_Pulsar_drup@drup,2270.04,670.75,91.41,299.91,1412.0,1383.5,2219.3,1337.1
Problem14_label20_true-unreach-call.c,expGlucose@default,26.75,21.92,30.28,20.29,673.3,668.5,922.3,638.8
Problem14_label20_true-unreach-call.c,expMC_LRB_VSIDS_Switch_2500@default,2227.62,1092.72,106.23,322.36,1412.3,1383.4,2185.4,1337.5
Problem14_label20_true-unreach-call.c,expMC_LRB_VSIDS_Switch@default,2572.84,838.45,129.93,317.87,1411.3,1382.4,2219.6,1337.1
Problem14_label20_true-unreach-call.c,expMC_VSIDS_LRB_Switch_2500@default,2662.45,859.66,93.81,314.37,1411.2,1382.7,2219.5,1337.1
Problem14_label20_true-unreach-call.c,GHackCOMSPS_drup@ghack_drup,4108.88,545.43,62.72,282.58,957.5,876.3,1363.3,857.9
Problem14_label20_true-unreach-call.c,glucose-3.0_PADC_10@default,27.55,28.05,36.84,24.90,673.8,669.3,924.4,639.1
Problem14_label20_true-unreach-call.c,glucose-3.0_PADC_3@default,25.67,25.95,28.52,24.03,673.7,669.2,924.4,639.1
Problem14_label20_true-unreach-call.c,glucose3.0@proofs,27.73,29.05,36.90,22.17,673.9,669.2,924.4,639.1
Problem14_label20_true-unreach-call.c,glucose4.2.1@default,2197.86,33.75,29.37,23.42,702.2,672.2,936.5,645.2
Problem14_label20_true-unreach-call.c,Glucose_Hack_Kiel_fastBVE@default,25.65,26.24,30.95,23.51,674.0,669.3,924.4,639.1
Problem14_label20_true-unreach-call.c,gluHack@default,25.40,23.02,30.90,23.29,673.1,668.8,922.0,639.5
Problem14_label20_true-unreach-call.c,glu_mix@default,29.26,25.97,28.46,23.95,673.8,669.2,924.4,639.1
Problem14_label20_true-unreach-call.c,Lingeling@default,163.27,61.19,36.98,36.36,748.8,741.1,1077.2,704.4
Problem14_label20_true-unreach-call.c,MapleCOMSPS_CHB_VSIDS_drup@CHB_VSIDS_drup,2477.14,826.53,114.09,262.25,1411.3,1382.7,2219.6,1337.1
Problem14_label20_true-unreach-call.c,MapleCOMSPS_LRB_VSIDS_2_fix@LRB_VSIDS_2_drup,2838.81,831.49,119.92,350.10,1411.9,1383.2,2185.5,1337.6
Problem14_label20_true-unreach-call.c,MapleCOMSPS_LRB_VSIDS_drup@LRB_VSIDS_drup,2428.81,810.01,105.61,265.47,1411.3,1382.5,2219.6,1337.1
Problem14_label20_true-unreach-call.c,Maple_LCM+BCrestart@default,2358.82,736.50,93.11,351.01,1412.2,1383.4,2185.4,1337.5
Problem14_label20_true-unreach-call.c,Maple_LCM+BCrestart_M1@default,2334.89,704.25,98.34,250.33,1412.0,1383.2,2185.2,1337.3
Problem14_label20_true-unreach-call.c,Maple_LCM_M1@default,2170.38,667.38,89.97,459.53,1411.7,1383.2,2185.2,1337.4
Problem14_label20_true-unreach-call.c,Minisat-v2.2.0-106-ge2dd095@simp_proof,3035.44,485.81,47.11,164.20,954.4,873.5,1356.8,855.3
Problem14_label20_true-unreach-call.c,Riss7.1-fix@BVE_DRAT,3421.19,461.62,110.09,231.60,1219.0,1176.6,1793.0,1138.8
Problem14_label20_true-unreach-call.c,smallsat@default,747.88,784.66,100.98,255.58,1461.7,1456.6,2238.2,1368.2
Problem14_label20_true-unreach-call.c,Sparrow2Riss-2018-fixfix@MAIN,3236.43,471.78,180.53,347.54,1219.0,1176.8,1793.0,1138.8
Problem14_label20_true-unreach-call.c,varisat@default,27.30,22.71,26.14,18.86,664.3,660.0,903.8,626.4
Problem14_label48_true-unreach-call.c,CaDiCaL@DONTUNZIP-fixed,6259.24,4068.60,121.70,1700.14,1168.3,1133.1,1683.2,1085.6
Problem14_label48_true-unreach-call.c,cms55-main-all4fixed@glubreak,7155.71,6542.33,279.47,1932.60,1543.8,1502.7,2381.9,1453.5
Problem14_label48_true-unreach-call.c,cms55-main-all4fixed@otherconf,355.52,254.13,68.55,130.01,727.8,726.2,994.8,658.2
Problem14_label48_true-unreach-call.c,Lingeling@default,2922.22,2222.33,123.46,886.58,968.7,959.6,1408.0,898.5
Problem14_label48_true-unreach-call.c,Riss7.1-fix@BVE_DRAT,4835.33,3113.14,171.00,1054.97,1068.6,1025.8,1580.0,990.2
Problem14_label48_true-unreach-call.c,smallsat@default,5396.78,4857.41,278.62,1831.14,1797.6,1792.4,2924.7,1698.5
Problem14_label48_true-unreach-call.c,varisat@default,226.75,206.04,75.01,115.15,705.1,700.8,954.8,642.2
Problem14_label55_true-unreach-call.c,CaDiCaL@DONTUNZIP-fixed,4720.26,2199.09,71.76,819.49,1055.6,1020.8,1527.9,980.2
Problem14_label55_true-unreach-call.c,Lingeling@default,366.98,220.96,48.51,78.68,766.3,760.2,1091.1,706.2
Problem14_label55_true-unreach-call.c,Riss7.1-fix@BVE_DRAT,3844.53,1534.86,134.98,527.75,1204.2,1161.8,1749.8,1124.3
Problem14_label55_true-unreach-call.c,smallsat@default,2104.90,2299.93,135.98,818.47,1569.4,1564.2,2536.0,1471.0
Problem14_label55_true-unreach-call.c,varisat@default,72.99,67.36,43.97,45.68,686.4,682.2,933.1,629.7
quadratic_loose_error.c,CaDiCaL@DONTUNZIP-fixed,728.64,783.40,576.93,614.53,883.1,882.9,1587.3,871.6
quadratic_loose_error.c,abcdsat_r18@default,658.14,662.65,554.79,668.80,706.0,706.0,1284.0,694.3
quadratic_loose_error.c,Lingeling@default,50.05,55.28,25.72,53.55,143.1,142.9,159.2,132.6
quadratic_loose_error.c,smallsat@default,218.44,202.18,138.75,175.34,231.4,231.3,352.9,228.0
quadratic_tight_error.c,CaDiCaL@DONTUNZIP-fixed,1044.77,1400.19,1156.11,1120.34,1007.9,1007.8,1854.5,985.4
quadratic_tight_error.c,abcdsat_r18@default,3477.80,2733.84,1725.14,2431.40,1198.7,1198.9,2271.5,1199.9
quadratic_tight_error.c,Lingeling@default,132.32,167.80,81.54,108.98,196.6,196.6,254.6,184.6
queen12_12.col.12,CaDiCaL@DONTUNZIP-fixed,33.82,35.82,34.00,44.44,104.2,104.2,93.5,110.2
queen12_12.col.12,abcdsat_r18@default,2340.28,2393.98,2746.04,3421.47,1529.5,1529.5,2836.7,1509.5
queen12_12.col.12,cms55-main-all4fixed@autotune,507.22,513.16,541.72,668.64,507.1,507.0,853.3,489.7
queen12_12.col.12,expMC_VSIDS_LRB_Switch_2500@default,13046.95,14813.80,11420.71,15773.41,3130.5,3130.3,5921.0,3229.5
queen12_12.col.12,Maple_CM_Dist@default,7233.88,6804.74,5972.83,10006.55,1353.5,1353.5,2477.6,1409.2
queen12_12.col.12,MapleCOMSPS_LRB_VSIDS_2_fix@LRB_VSIDS_2_drup,9449.26,8898.13,7717.42,11922.96,2338.7,2338.7,4373.4,2431.1
queen12_12.col.12,Maple_LCM+BCrestart_M1@default,11562.29,11189.69,10760.34,13429.03,1424.1,1424.0,2613.7,1506.8
queen13_13.col.13,MapleLCMDistChronoBT@default,2158.59,2085.64,2176.03,2770.41,732.1,732.2,1265.9,737.6
queen8_12.col.12,CaDiCaL@DONTUNZIP-fixed,19.77,21.04,24.76,31.33,93.4,93.3,75.8,100.5
queen8_12.col.12,abcdsat_r18@default,610.51,538.06,634.44,812.62,992.9,992.9,1792.0,974.4
queen8_12.col.12,cms55-main-all4fixed@glubreak,497.31,457.04,460.65,576.23,1054.0,1054.0,1923.4,1041.3
queen8_12.col.12,expMC_LRB_VSIDS_Switch@default,680.55,673.91,653.27,912.34,572.1,572.0,950.7,553.6
queen8_12.col.12,expMC_VSIDS_LRB_Switch_2500@default,1929.60,2378.41,1829.13,2450.99,1533.1,1533.0,2861.1,1513.1
queen8_12.col.12,GHackCOMSPS_drup@ghack_drup,8441.05,10410.74,9480.54,8958.15,4737.6,4737.5,9061.1,4996.5
queen8_12.col.12,Lingeling@default,425.07,393.08,321.82,386.23,2053.8,2053.6,3825.1,2032.8
queen8_12.col.12,Maple_CM@default,891.70,926.55,1013.26,1340.05,428.0,427.9,690.7,411.9
queen8_12.col.12,Maple_CM_ordUIP+@default,915.50,951.00,907.89,1375.20,428.1,428.1,681.5,412.0
queen8_12.col.12,Maple_CM_ordUIP@default,901.67,912.68,920.45,1225.38,427.9,428.0,678.8,412.0
queen8_12.col.12,MapleCOMSPS_LRB_VSIDS_2_fix@LRB_VSIDS_2_drup,364.19,385.16,395.59,528.76,374.9,374.9,590.5,360.5
queen8_12.col.12,MapleCOMSPS_LRB_VSIDS_drup@LRB_VSIDS_drup,1063.82,1040.14,1007.50,1423.25,718.2,718.3,1224.8,713.0
queen8_12.col.12,Maple_LCM+BCrestart_M1@default,664.16,663.73,710.51,1030.35,350.4,350.5,553.6,336.7
queen8_12.col.12,smallsat@default,1160.05,1189.64,1102.54,1545.83,1315.9,1315.8,2388.5,1295.4
school1_nsh.col.14,CaDiCaL@DONTUNZIP-fixed,6764.45,6449.71,5369.67,8638.48,2196.3,2196.3,4130.1,2270.0
sdiv15prop,CaDiCaL@DONTUNZIP-fixed,1260.97,1269.30,1440.04,1578.02,330.7,330.9,496.3,314.8
sdiv15prop,abcdsat_r18@default,2119.28,2080.72,1828.16,2852.37,518.6,518.8,852.8,515.8
sdiv15prop,Riss7.1-fix@BVE_DRAT,4097.12,3618.26,3596.00,5414.92,438.7,438.9,698.4,434.1
sdiv15prop,smallsat@default,2893.50,3041.50,2468.03,3821.11,530.5,530.3,875.1,526.9
sdiv15prop,Sparrow2Riss-2018-fixfix@MAIN,4116.81,3748.73,3405.15,5175.74,438.8,438.8,667.7,434.0
sdiv15prop,varisat@default,7787.78,7116.04,6652.12,8408.66,1092.4,1092.5,1949.0,1085.2
sdiv16prop,CaDiCaL@DONTUNZIP-fixed,4390.60,4065.46,3526.35,4700.60,595.4,595.5,982.8,604.7
sdiv16prop,abcdsat_r18@default,5439.60,4491.89,4189.19,5316.28,822.2,822.1,1422.2,815.6
sdiv16prop,Lingeling@default,5101.97,3437.40,3397.71,4489.70,622.4,622.3,1055.4,627.2
sdiv17prop,CaDiCaL@DONTUNZIP-fixed,12152.03,9972.53,9647.20,14234.30,1194.0,1193.8,2187.0,1210.4
sdiv17prop,Lingeling@default,15328.65,12457.79,11369.34,15516.71,1261.3,1261.4,2282.5,1294.4
sdiv17prop,smallsat@default,11556.49,11742.40,14927.98,17016.69,1683.6,1683.7,2977.5,1722.6
T103.2.0,CaDiCaL@DONTUNZIP-fixed,908.36,993.26,856.95,1096.99,2023.9,2021.8,3008.0,1854.2
T103.2.0,Lingeling@default,223.33,229.63,250.74,239.90,1686.0,1685.8,2483.9,1541.6
T103.2.0,varisat@default,174.56,176.86,172.84,176.04,1210.1,1209.8,1547.6,1056.8
T105.2.0,CaDiCaL@DONTUNZIP-fixed,1184.50,1141.69,890.24,938.88,4409.6,3555.8,5641.1,3378.6
T105.2.0,Lingeling@default,607.19,643.32,743.18,543.37,1330.5,1329.4,1792.0,1190.6
T105.2.0,smallsat@default,1438.55,1516.80,731.37,1236.49,2685.0,2684.9,3922.6,2462.3
T107.2.0,CaDiCaL@DONTUNZIP-fixed,1164.91,917.95,779.06,936.99,3106.4,2992.2,4500.0,2808.3
T107.2.0,Lingeling@default,754.83,624.60,586.29,668.47,1774.4,1774.4,2623.3,1634.6
T107.2.0,smallsat@default,2065.41,2296.88,1338.27,1973.80,2732.0,2731.5,3955.5,2505.2
T107.2.0,varisat@default,272.02,296.85,279.59,341.79,1266.7,1266.4,1609.8,1110.5
T116.2.0,CaDiCaL@DONTUNZIP-fixed,1401.60,1478.40,1538.75,1689.52,1867.9,1866.1,2790.4,1714.2
T116.2.0,Lingeling@default,1039.49,1188.50,1129.73,1407.94,1648.7,1648.4,2452.4,1505.2
T116.2.0,smallsat@default,949.48,1166.31,606.74,750.70,2625.0,2594.3,3784.2,2393.3
T116.2.0,Sparrow2Riss-2018-fixfix@MAIN,393.81,361.04,380.75,433.20,1680.1,1678.8,2518.1,1529.3
T116.2.0,varisat@default,106.96,118.82,129.83,133.00,1184.2,1184.3,1517.6,1032.6
T117.2.0,CaDiCaL@DONTUNZIP-fixed,970.47,864.14,731.38,857.98,3511.2,2615.2,3774.5,2446.2
T117.2.0,Lingeling@default,742.21,749.51,881.69,450.25,1655.9,1656.1,2393.7,1512.1
T117.2.0,Riss7.1-fix@BVE_DRAT,338.54,320.40,286.74,350.01,1325.5,1321.3,1820.2,1163.7
T117.2.0,smallsat@default,2123.10,2041.21,895.80,1515.52,2731.4,2731.0,3948.1,2496.0
T117.2.0,varisat@default,157.06,162.44,149.30,165.54,1188.9,1189.0,1525.7,1035.3
T122.2.0,CaDiCaL@DONTUNZIP-fixed,942.66,1012.67,902.66,1074.35,2458.2,2455.6,3490.2,2281.6
T122.2.0,Lingeling@default,1088.80,1083.63,1238.53,1289.65,1800.7,1799.6,2599.3,1667.1
T122.2.0,smallsat@default,2266.64,2517.15,1341.08,1929.57,2720.6,2719.4,3983.5,2490.9
T125.2.0,CaDiCaL@DONTUNZIP-fixed,872.20,1017.25,775.21,885.40,3814.0,3812.2,6083.9,3621.5
T125.2.0,Lingeling@default,754.23,895.52,828.64,1072.85,1690.5,1690.1,2514.1,1549.8
T125.2.0,smallsat@default,3587.61,3580.75,1826.32,2858.73,2827.0,2823.9,4140.7,2603.3
T125.2.0,varisat@default,201.40,227.46,210.24,223.48,1228.2,1228.1,1569.3,1071.7
T129.2.0,CaDiCaL@DONTUNZIP-fixed,1499.63,1448.80,1015.10,1212.75,5672.3,4869.7,8159.0,4673.4
T129.2.0,Riss7.1-fix@BVE_DRAT,421.70,198.14,169.80,193.16,2243.2,1294.9,1720.9,1140.1
T129.2.0,smallsat@default,2496.10,4312.90,1454.36,2270.28,2782.2,2781.5,4066.9,2553.5
T129.2.0,varisat@default,186.31,187.83,202.51,224.61,1238.8,1239.1,1582.7,1083.4
T56.2.0,CaDiCaL@DONTUNZIP-fixed,987.06,914.50,835.12,887.99,2981.4,2079.4,3117.8,1900.9
T56.2.0,Lingeling@default,954.81,1000.22,855.24,679.00,1285.7,1284.9,1681.5,1129.8
T56.2.0,smallsat@default,2048.06,1503.41,1003.72,1554.30,2695.2,2694.4,3875.8,2462.6
T56.2.0,Sparrow2Riss-2018-fixfix@MAIN,294.50,320.47,284.71,295.85,1733.5,1732.1,2539.4,1580.9
T56.2.0,varisat@default,172.83,193.67,188.18,178.93,1194.7,1194.6,1530.5,1038.8
T62.2.0,CaDiCaL@DONTUNZIP-fixed,922.73,1132.30,888.26,1019.32,2098.5,2096.6,3088.3,1928.0
T62.2.0,Lingeling@default,483.39,568.87,603.03,715.50,1303.0,1302.9,1691.1,1136.6
T62.2.0,Riss7.1-fix@BVE_DRAT,2166.94,2617.76,1757.82,1962.46,1548.4,1541.8,2169.9,1401.6
T62.2.0,smallsat@default,2155.76,2747.32,1487.25,1918.83,3218.3,3217.9,4911.4,2985.8
T77.2.0,CaDiCaL@DONTUNZIP-fixed,1191.07,1315.31,1289.83,1494.04,1973.4,1971.4,2907.3,1813.7
T77.2.0,Lingeling@default,852.56,905.02,938.41,1495.06,1650.5,1650.0,2394.0,1513.6
T77.2.0,Sparrow2Riss-2018-fixfix@MAIN,311.61,374.11,354.50,360.66,1817.2,1815.9,2677.1,1666.0
T77.2.0,varisat@default,222.37,288.64,277.67,325.07,1191.1,1191.0,1530.1,1037.4
T82.2.0,CaDiCaL@DONTUNZIP-fixed,1248.66,1176.20,1048.53,1253.18,2472.0,2469.5,3508.8,2293.6
T82.2.0,Lingeling@default,244.13,251.71,274.53,314.86,1276.1,1275.9,1668.3,1118.0
T82.2.0,smallsat@default,1606.31,1491.58,836.94,1244.73,2663.6,2663.2,3831.4,2435.1
T82.2.0,varisat@default,241.06,257.51,278.06,287.26,1246.9,1247.1,1593.8,1090.4
T84.2.0,CaDiCaL@DONTUNZIP-fixed,1731.34,1305.50,1183.90,1320.05,2495.5,2493.2,3560.0,2314.2
T84.2.0,Lingeling@default,571.73,552.87,553.68,706.27,1274.3,1273.3,1661.7,1118.4
T86.2.0,CaDiCaL@DONTUNZIP-fixed,1003.22,978.17,901.50,980.96,3110.9,2985.6,4431.7,2787.8
T86.2.0,Lingeling@default,257.06,256.63,265.41,278.89,1695.6,1695.2,2442.2,1554.4
T86.2.0,smallsat@default,1936.79,1817.30,1046.40,1460.27,2715.1,2718.2,3939.3,2491.9
T86.2.0,varisat@default,232.99,233.16,226.16,238.19,1215.3,1215.2,1558.1,1059.3
T87.2.0,CaDiCaL@DONTUNZIP-fixed,790.44,646.22,591.31,663.23,2502.0,2499.7,3658.1,2311.5
T87.2.0,Lingeling@default,590.40,576.30,645.65,679.94,1320.5,1319.4,1734.5,1167.4
T87.2.0,smallsat@default,2371.71,2138.77,1370.92,2178.96,2818.1,2812.8,4109.3,2584.4
T87.2.0,varisat@default,253.92,263.24,244.86,253.08,1245.4,1245.6,1591.7,1088.2
T90.2.0,CaDiCaL@DONTUNZIP-fixed,1533.91,1512.63,1316.98,1430.24,3709.2,2492.5,3584.7,2329.0
T90.2.0,Lingeling@default,680.07,682.29,895.11,937.73,1675.8,1675.7,2422.4,1536.6
T90.2.0,smallsat@default,2842.55,2662.02,1387.52,2038.97,2792.2,2791.7,4074.7,2561.5
T92.2.0,Lingeling@default,834.44,939.02,874.99,1064.49,1760.1,1759.9,2612.9,1617.5
T92.2.0,smallsat@default,4080.78,3888.51,2521.76,3805.46,2741.8,2740.8,3961.3,2510.5
T92.2.0,varisat@default,187.33,192.08,170.65,193.26,1194.9,1195.0,1532.8,1040.1
T93.2.0,Lingeling@default,664.56,686.08,781.52,1507.61,1321.9,1319.7,1730.5,1164.6
T93.2.0,smallsat@default,2335.15,2242.98,1364.27,2120.25,2723.4,2723.0,3976.6,2495.0
T96.2.0,CaDiCaL@DONTUNZIP-fixed,1137.03,1121.22,1111.02,1468.29,2170.2,2168.0,3159.6,1999.2
T96.2.0,Lingeling@default,569.66,619.41,770.25,886.54,1275.6,1275.5,1659.2,1121.9
T96.2.0,smallsat@default,1486.72,1662.99,786.06,1105.02,2608.4,2606.6,3831.8,2422.9
T96.2.0,varisat@default,196.25,199.25,239.52,222.73,1214.9,1214.7,1555.7,1061.0
T98.2.0,CaDiCaL@DONTUNZIP-fixed,956.99,1052.84,982.32,985.09,3086.4,3084.3,4625.8,2888.7
T98.2.0,Lingeling@default,539.95,529.84,575.48,642.81,1727.1,1726.4,2482.2,1578.5
T98.2.0,smallsat@default,1773.57,1672.23,906.82,1421.26,2718.9,2718.9,3940.8,2489.8
T98.2.0,varisat@default,208.03,208.40,221.36,226.52,1258.6,1258.5,1602.1,1103.6
terminator_03_true-unreach-call_true-termination.i,CaDiCaL@DONTUNZIP-fixed,56.70,57.18,57.17,47.06,258.4,258.5,416.6,262.8
terminator_03_true-unreach-call_true-termination.i,abcdsat_r18@default,258.54,257.46,304.08,307.74,431.6,431.5,757.0,432.7
terminator_03_true-unreach-call_true-termination.i,Riss7.1-fix@BVE_DRAT,84.04,89.30,77.31,68.68,360.5,360.5,610.7,371.1
terminator_03_true-unreach-call_true-termination.i,smallsat@default,193.52,180.09,168.27,215.54,357.9,357.7,613.4,376.1
terminator_03_true-unreach-call_true-termination.i,Sparrow2Riss-2018-fixfix@MAIN,85.96,86.67,85.19,68.38,360.2,360.4,598.3,371.1
udiv35prop,CaDiCaL@DONTUNZIP-fixed,1375.33,1572.18,1168.11,1701.28,492.3,492.3,787.1,471.9
udiv35prop,Lingeling@default,7100.06,6715.46,6643.85,8272.70,1174.1,1174.2,2109.5,1180.6
udiv35prop,Riss7.1-fix@BVE_DRAT,1840.17,1699.71,1782.00,2459.08,420.2,420.1,656.1,401.0
udiv35prop,Sparrow2Riss-2018-fixfix@MAIN,1787.23,1703.42,1711.44,2236.37,420.2,420.1,670.8,401.0
udiv40prop,CaDiCaL@DONTUNZIP-fixed,3937.86,4031.53,3383.29,4509.70,910.1,910.1,1623.5,884.6
udiv40prop,Riss7.1-fix@BVE_DRAT,9005.52,9148.06,7852.41,11395.27,1223.1,1222.9,2230.5,1214.6
udiv40prop,Sparrow2Riss-2018-fixfix@MAIN,9727.52,8804.66,8926.50,11102.85,1222.9,1223.0,2222.8,1214.4
uniqinv20prop,cms55-main-all4fixed@autotune,71.59,88.05,68.64,108.53,117.1,117.1,113.1,115.7
uniqinv20prop,cms55-main-all4fixed@glubreak,42.63,40.91,36.46,60.77,96.8,96.6,76.2,97.5
uniqinv20prop,cms55-main-all4fixed@main,57.91,53.07,43.69,68.33,109.5,109.3,99.6,109.4
uniqinv20prop,cms55-main-all4fixed@otherconf,44.87,43.65,37.53,98.26,110.8,111.0,113.5,110.6
uniqinv20prop,Riss7.1-fix@BVE_DRAT,1034.18,1267.05,942.96,1366.18,344.8,344.9,527.2,327.9
uniqinv20prop,Sparrow2Riss-2018-fixfix@MAIN,987.94,1293.88,963.63,1291.98,344.9,344.8,503.6,327.8
uniqinv25prop,CaDiCaL@DONTUNZIP-fixed,2457.39,2495.29,2153.97,3059.31,1212.3,1212.3,2198.4,1191.6
uniqinv25prop,cms55-main-all4fixed@autotune,28.09,30.72,25.32,40.44,162.6,162.5,194.5,157.7
uniqinv25prop,cms55-main-all4fixed@glubreak,23.70,26.32,24.08,35.33,157.2,157.1,173.8,152.7
uniqinv25prop,cms55-main-all4fixed@main,28.86,29.62,24.62,36.00,162.5,162.6,191.9,157.8
uniqinv25prop,Lingeling@default,142.45,260.22,122.68,174.48,607.0,606.9,1038.2,588.9
uniqinv25prop,Riss7.1-fix@BVE_DRAT,1853.49,2063.99,1950.41,2696.64,515.8,516.0,846.1,505.9
uniqinv25prop,Sparrow2Riss-2018-fixfix@MAIN,1949.57,1824.77,1696.57,2830.87,516.0,516.0,849.7,506.1
uniqinv30prop,CaDiCaL@DONTUNZIP-fixed,3391.40,3075.27,2967.29,4211.21,1552.1,1552.1,2879.3,1531.7
uniqinv30prop,cms55-main-all4fixed@autotune,53.18,49.41,44.50,61.75,297.7,297.9,439.8,284.9
uniqinv30prop,cms55-main-all4fixed@main,53.51,52.04,50.07,74.11,297.9,297.7,453.9,284.9
uniqinv30prop,cms55-main-all4fixed@otherconf,51.53,51.58,41.08,63.40,321.0,321.2,489.3,307.6
uniqinv30prop,Lingeling@default,283.17,248.53,258.17,320.30,1118.0,1118.2,2056.0,1097.3
uniqinv30prop,Riss7.1-fix@BVE_DRAT,6400.57,6507.47,7584.92,9941.13,1108.9,1109.1,2012.8,1114.1
uniqinv30prop,Sparrow2Riss-2018-fixfix@MAIN,6274.31,6460.44,7659.53,9797.34,1109.1,1108.9,2013.3,1114.1
uniqinv40prop,cms55-main-all4fixed@autotune,77.43,81.33,72.12,110.69,334.7,334.5,518.9,319.7
uniqinv40prop,cms55-main-all4fixed@glubreak,117.67,117.28,98.78,146.41,732.6,732.4,1272.7,712.2
uniqinv40prop,cms55-main-all4fixed@otherconf,131.53,133.58,120.21,166.25,784.9,784.9,1376.9,764.3
uniqinv40prop,Riss7.1-fix@BVE_DRAT,5211.11,5490.03,5375.22,7768.84,1245.3,1245.2,2242.4,1242.4
uniqinv40prop,Sparrow2Riss-2018-fixfix@MAIN,5232.87,5307.70,5609.50,8182.62,1245.3,1245.1,2234.7,1242.4
uniqinv45prop,cms55-main-all4fixed@autotune,123.81,125.09,128.38,177.42,475.9,475.9,765.0,457.3
uniqinv45prop,cms55-main-all4fixed@glubreak,464.26,492.74,614.85,837.13,1387.4,1387.5,2574.4,1365.7
uniqinv45prop,cms55-main-all4fixed@main,220.89,228.72,184.52,326.38,1202.4,1202.5,2211.1,1185.5
uniqinv46prop,cms55-main-all4fixed@autotune,117.47,120.81,112.45,174.20,508.4,508.2,848.3,488.9
uniqinv46prop,cms55-main-all4fixed@main,577.32,641.55,513.25,680.25,1490.8,1490.8,2766.5,1469.0
uniqinv46prop,cms55-main-all4fixed@otherconf,330.08,344.37,276.94,350.14,1456.3,1456.3,2701.8,1434.1
uniqinv47prop,cms55-main-all4fixed@glubreak,754.45,775.27,731.80,1092.03,1636.6,1636.5,3043.4,1614.7
uniqinv47prop,cms55-main-all4fixed@main,304.65,308.85,274.21,377.04,1463.1,1463.1,2705.8,1441.1
uniqinv47prop,cms55-main-all4fixed@otherconf,1054.30,1009.97,1009.24,1473.71,1639.2,1639.3,3059.7,1617.3
